node	dg	bt	cl	burts	pr	auth	kcore	areaSAS	areaSES	relSESA	consurf	aa_dist	type
32	2	0.00146214221380028	0.12016355879276	1.67136016488889	0.00138027910939386	0.00583955991166252	2	91.9703920185566	85.097870349884	0.939882156701207	0.359	1.48	Type_II
42	6	0.0345299505211075	0.131896425404229	3.78188977025531	0.00263871877466363	0.361328150352926	3	0	0	0	-0.436	1.51	Type_I
204	6	0.00520522628112901	0.129133758368524	3.72660583564082	0.00298728460509801	0.0878636459058003	3	0	0	0	0.396	1.49	Type_I
241	4	0.00684282556058532	0.118948686780861	2.04811030562939	0.00339333151182243	0.000269868464869601	3	10.6190409476403	31.5312424898148	0.295973515401794	0.223	1.45	Type_I
255	4	0.0263185598484051	0.123730021867604	3.38462759621782	0.00250681536334559	0.000301849547035699	3	19.7401505708694	31.5796324014664	0.296427735760099	-0.861	1.52	Type_I
392	6	0.0196511913534758	0.124907284776328	4.33161330834078	0.00344443577537308	0.00389495705587916	3	27.8113567717373	38.1448940038681	0.421299676432424	0.432	1.48	Type_I
7	2	0	0.117568287493403	1.49478868916824	0.00204398174203167	0.000719349884174694	2	116.220630481839	79.1702123880386	0.751803891365613	2.855	1.5	Type_II
8	3	0.00884303610906411	0.120867128581659	2.36032737720002	0.00148894340202763	0.00409273116642202	2	26.3419846594334	35.0585639476776	0.445924242529606	3.353	1.61	Type_I
16	4	0.00505316349089378	0.120544884020046	2.33739935695942	0.00275527952626947	0.00755514550805043	2	14.3243036083877	31.8870370388031	0.39352137527833	0.899	1.44	Type_I
34	1	0	0.123118484002244	1	0.000754540824794604	0.0235427189897548	1	100.574404112995	84.0278137922287	0.606283154458882	3.237	1.53	Type_II
38	8	0.0895181948977085	0.131054608759507	4.81061309441889	0.00308273032250197	0.230647767314804	3	0	0	0	-0.696	1.56	Type_I
41	7	0.0762887321472436	0.13119108521295	3.59271420501975	0.00222245764844086	0.277701123867852	3	0.32709676027298	7.94983768463135	0.130190748646993	0.661	1.44	Type_I
43	6	0.00297107297844218	0.127360951788085	3.82121186949428	0.00310477966858802	0.566448001329227	3	11.2004478871822	23.2109937667847	0.336035697983071	-0.786	1.38	Type_I
44	8	0.0495724696166848	0.131080113938768	4.45162850174622	0.00353222583223956	0.60107424244497	3	26.2774041518569	64.3637654185295	0.464401785190876	-0.764	1.61	Type_I
45	9	0.214396837093963	0.133507483773209	5.06923285031245	0.002880811970589	0.484008802385647	3	1.38177965581417	13.5016672611237	0.108261039347015	-0.114	1.48	Type_I
49	7	0.00512334631715619	0.128748792871109	3.31508040616924	0.00326955701467336	0.957985627863763	3	1.24502024799585	15.480899810791	0.124131210696402	-0.441	1.58	Type_II
50	6	0.00341556421143746	0.129660270498203	3.6258302455754	0.00253739985525326	0.573657539585623	3	0	0	0	-0.329	1.5	Type_I
53	7	0.0104806353885204	0.128355438044137	3.59473615732418	0.00368280147746991	0.887082773688503	3	13.0970401632367	20.9205380678177	0.197658189261519	-0.85	1.64	Type_I
66	6	0.000666736849492929	0.131364696725748	4.21580918815975	0.00316296359846451	0.121344162084463	3	0	0	0	0.727	1.38	Type_I
67	9	0.102279772139757	0.133762073339401	5.21941492416273	0.00323850903024591	0.169884254750219	3	0	0	0	0.777	1.46	Type_I
69	8	0.0146214221380028	0.130986422871059	4.16717968173288	0.00313293524147046	0.118569331816593	3	0	0	0	1.112	1.21	Type_I
70	7	0.0657613082078815	0.132821679872275	4.1262037209027	0.00354983651483857	0.138766504707138	3	0	0	0	1.001	1.5	Type_I
71	5	0.0371852007813688	0.132978245147753	4.12268759938344	0.00209851553298451	0.0932078069692212	3	0	0	0	1.061	1.58	Type_I
72	8	0.0282602847083319	0.131436701342847	4.74762610294225	0.0039268226079572	0.126902638358294	3	2.58866620063782	11.9566221237183	0.144194671053042	0.527	1.49	Type_I
73	8	0.0784293083482472	0.132171002799263	4.31011822814941	0.00363796859325684	0.115030032359041	3	0	0	0	-0.856	1.49	Type_I
75	6	0.0472096477991835	0.130813428945247	3.76293575175894	0.00235512631101269	0.0618751119287263	3	0	0	0	0.128	0	Type_I
77	5	0.000924073879121779	0.126422325884223	2.76813822936377	0.00237868056181762	0.0690267236940581	3	0	0	0	-0.222	1.21	Type_I
79	5	0.0133113427144378	0.129211941708939	3.18404070573891	0.00185090758059274	0.0308052982701834	3	30.7111606011167	40.9120534658432	0.386538930347529	-0.642	1.62	Type_I
81	5	0.00579008316664912	0.123085964818519	3.54819863979783	0.00233691281156809	0.0572619444057788	3	6.82004547119141	15.2986698150635	0.250539112311276	-0.838	1.44	Type_I
82	6	0	0.120223350977857	3.16960587643009	0.00350817876039919	0.122833691551308	3	17.6040151047055	23.453018039465	0.298308547945369	-0.627	1.56	Type_I
85	9	0.02704378238645	0.127335184061568	4.91763752758917	0.00416193376122165	0.166924522332612	3	0	0	0	-0.867	1.53	Type_I
86	5	0.0127498801043385	0.123917550050168	3.60743215839627	0.0024850391639725	0.0814487645655557	3	2.986822253024	15.7130887508392	0.148457972740871	0.412	1.43	Type_II
88	8	0.0604157162742277	0.129501287632104	4.19681463514599	0.00347233051423973	0.163955417222191	3	30.3326700329781	37.1707445383072	0.348909686469176	-0.84	1.45	Type_I
89	5	0.0112877378905382	0.128359840229618	4.34100579460578	0.00246960275448173	0.140587249113781	3	0	0	0	-0.148	1.62	Type_I
93	6	0.019569311389503	0.132523656101723	4.9853878821942	0.00250788259973766	0.159059450633531	3	0	0	0	0.083	1.58	Type_I
101	3	0.00460867225789849	0.121030056835152	2.33184801352953	0.00137320838133244	0.00558065638729046	3	57.9268059041351	63.0954467058182	0.523604975069444	0.437	1.58	Type_II
102	4	0.00629306008819642	0.122722933302379	2.96928344431938	0.00211209818076894	0.0129073191770776	3	42.3282193690538	39.8278954029083	0.480317117738885	0.062	1.53	Type_II
107	8	0.0536547706776152	0.129013291165862	5.75207684940071	0.00296531635343861	0.035729858469738	3	3.57440034020692	14.6885877847672	0.132491952164518	0.792	1.44	Type_I
110	6	0.055713466914646	0.129863066115482	5.12922382077888	0.00244648800054354	0.0740253269021797	3	0	0	0	-0.801	1.58	Type_I
111	4	0.000526371196968102	0.124145439377188	2.53891633635517	0.00228783044896051	0.0253007552761359	3	0	0	0	-0.033	1.57	Type_II
112	6	0.0155337988794142	0.125789885056506	3.50513150100233	0.00296656981783472	0.0367078068229046	3	23.5767548084259	32.3979152441025	0.268857904799111	-0.844	1.49	Type_I
113	6	0.00921734451579698	0.127549073630868	3.81439216713752	0.0026270557943238	0.0640148777420001	3	0	0	0	-0.856	1.64	Type_I
115	6	0.0198500426945526	0.124511692573815	3.76367299361252	0.00267095882939864	0.0302574812493322	3	14.6523374319077	23.7414765357971	0.301977569776102	-0.844	1.56	Type_I
116	4	0.0056731117895451	0.123641651883625	3.43721200137904	0.00212501984981062	0.016805242958152	3	74.0145719442517	69.2985999584198	0.500007936494244	-0.575	1.52	Type_II
117	5	0.0020469990993204	0.124413588024149	3.45484637997431	0.00284530249350775	0.0404969297125331	3	5.56822604499757	19.5770435333252	0.184964792174422	-0.867	1.52	Type_I
122	1	0	0.114700279018806	1	0.00110554845283117	0.00000320407439512097	1	155.017617771402	95.5151437520981	1.05493802533767	-0.865	1.35	Type_I
132	6	0.00561462610099309	0.127562268910061	3.86569128756372	0.00282111672247444	0.0172779642368957	3	43.9464896321297	44.7818026542664	0.323112685553349	-0.855	1.61	Type_II
133	3	0.00123989659730264	0.126618491737386	1.9248869820884	0.001508660956226	0.00910894989345305	3	0	0	0	0.315	1.52	Type_I
135	6	0.0205635680948872	0.125629939850071	4.83088028324782	0.00254469328947534	0.00621456515592135	3	0	0	0	-0.513	1.63	Type_I
139	5	0.0151594904726813	0.125041458251513	2.50668610790706	0.002424738679826	0.00422728614357944	3	4.64662933349609	9.13703060150147	0.086327078111728	-0.853	1.64	Type_I
153	6	0.038471885929513	0.129107327079438	4.07987996216832	0.00223757669150712	0.0332000602154002	3	10.7508923560381	29.7460718154907	0.227268761244533	-0.864	1.5	Type_I
160	5	0.0105391210770724	0.123791374686475	3.8169203383296	0.00251899524289504	0.00155158581301661	3	27.4958972334862	33.5925562381744	0.317383989703279	-0.813	1.64	Type_I
163	3	0.0015440221777731	0.116853726414214	2.62777551969133	0.00188608179532535	0.00143361530201015	3	97.0329137053341	93.1058452129364	0.772649791812056	-0.754	1.48	Type_I
169	7	0.00302955866699419	0.120858027954852	3.37026602618369	0.00361313265193965	0.00543686817580771	3	1.94620072841644	13.559889793396	0.196312449052394	0.199	1.5	Type_I
173	6	0.0357113614298581	0.126261137039868	3.54215345294863	0.00276605666521679	0.0083727669937381	3	1.03390169335762	9.84810304641724	0.093518028682018	-0.805	1.39	Type_I
176	7	0.0324595571463663	0.12681515225721	4.04784555672116	0.00308119508751888	0.0157034042181675	3	45.4101095944643	58.6507382392883	0.393853797396423	-0.811	1.57	Type_I
178	8	0.022856207086126	0.127201763566015	4.78496404858526	0.0036810086119002	0.00714452340628723	3	20.8509504310787	28.3732620477676	0.410772111357081	-0.83	1.38	Type_I
181	6	0.00814120784643998	0.125225730522077	3.20031629674388	0.00395961222895018	0.0101149762339582	3	0	0	0	-0.854	1.53	Type_I
182	1	0	0.120928481475891	1	0.000736228958892646	0.00134092075631123	1	95.586734354496	78.3735778331757	0.76409844821269	-0.112	1.58	Type_I
183	1	0	0.12008598181547	1	0.000978960196319019	0.00155482076810726	1	44.8915942907333	34.921612739563	0.740570729287732	-0.71	1.57	Type_I
189	5	0.0112994350282486	0.12650589109538	2.44228929860857	0.00244221937153037	0.00984291999503369	3	0	0	0	-0.195	1.39	Type_I
190	3	0.000233942754208045	0.124162369979569	1.99757198955975	0.00142798553657095	0.00320527385077846	3	67.3817099146545	50.6596212983131	0.625195869410257	-0.582	1.64	Type_I
198	5	0.0288802330069832	0.125467447526615	2.60289151244478	0.00245993923898986	0.00899295888892705	3	8.81722301989794	29.9443597197533	0.361123489143189	-0.698	1.53	Type_I
200	5	0.0216397047642442	0.127101528982705	3.25111783962956	0.00218373556439186	0.0228408771550678	3	0	0	0	-0.549	1.64	Type_I
201	3	0	0.12787043164696	2.47639135631771	0.00164795255791041	0.0165227435206424	3	1.84272562712431	11.5268356800079	0.127701361340157	-0.784	1.57	Type_I
202	8	0.0554210384718859	0.130825768230824	4.65394408405519	0.00295401104939681	0.0413812244330874	3	0	0	0	-0.749	1.64	Type_I
205	5	0.010527423939362	0.130540605264619	3.53731010640963	0.00207759289466941	0.0341584932912969	3	0	0	0	-0.811	1.53	Type_I
206	6	0.0283889532231463	0.130675586105564	4.80989180010721	0.00247531529403954	0.0298944802664944	3	0	0	0	-0.612	1.53	Type_I
209	2	0.00842193915148963	0.122357022476939	1.98929543922659	0.00147429575192191	0.00031980535460827	2	58.0046398192644	52.8475272655487	0.43856141197282	-0.56	1.48	Type_I
210	3	0.0141652337672971	0.121647632991375	2.09821523499464	0.00247651335351814	0.000593988118364916	2	4.2888722717762	15.5076608657837	0.328865674176306	0.288	1.57	Type_I
212	9	0.0717151513024763	0.126579375791727	4.66307266400462	0.00427587562693876	0.000696032912580041	3	1.76304540038109	11.3530687093735	0.076238583818779	-0.306	1.57	Type_I
216	5	0.00400042109695757	0.120446935490176	2.86787298238323	0.00290120642545352	0.000136201297956999	3	1.61509890435264	12.4428045749664	0.099770711988762	-0.764	1.45	Type_I
221	3	0.00265525026026131	0.120014601470145	2.65530687110963	0.00225000736119789	0.000172266490912143	3	28.3110985159874	29.9337422847748	0.360995444823622	1.235	1.53	Type_I
226	8	0.0515141944766116	0.126235377674864	5.469661360599	0.00308095759706991	0.0151503485178205	3	0	0	0	-0.622	1.45	Type_I
228	5	0.0130189142716777	0.121066785399769	3.11437892438691	0.00281475122555444	0.0156064241750061	3	44.7618405893445	49.5983204841614	0.411597487877059	-0.344	1.58	Type_I
234	5	0.0110420979986197	0.120353766317955	3.57506709679821	0.00283547613342389	0.00693519554072801	3	11.307521097362	22.543145775795	0.28673550974046	-0.785	1.57	Type_I
236	3	0.00164929641716672	0.117821130277425	1.47391892191373	0.00160884831235304	0.0000743116612722577	3	1.67413377761841	6.4002890586853	0.104814520391813	-0.856	1.49	Type_I
239	7	0.0314419061655613	0.124591267494086	4.42815298885695	0.00333363660872672	0.000711930229646329	3	1.83068829774857	8.22726225852966	0.073451140599319	0.317	1.48	Type_I
244	4	0	0.12086993686015	2.20677228481706	0.0022607867168216	0.0000402837723813566	3	117.780937366188	89.7148801088333	0.744509469625677	-0.739	1.49	Type_I
247	5	0.0222830473383163	0.124465594061251	2.72867448781438	0.00216915281404242	0.00247326604410399	3	21.602875828743	39.0455639362335	0.298319623610295	-0.644	1.56	Type_I
248	4	0.00177796493198114	0.120891067678123	2.7596639076138	0.00237780034945113	0.00257524073973637	3	98.6317274272442	68.6810140609741	0.495551889036214	-0.756	1.57	Type_I
251	2	0.00476073504813372	0.114822207703846	1.9980858789333	0.00201909470906813	0.000036209100542883	1	66.0856296420097	48.1582186222076	0.788664471483675	-0.446	1.49	Type_I
256	4	0.0156858616696494	0.124752535058351	2.79600539541443	0.00238218224477462	0.00111216563760118	3	0.563001146540046	8.92102468013763	0.098832587522574	-0.854	1.57	Type_I
257	5	0.0209846650524617	0.126717301619972	3.01377225743092	0.00221658891675236	0.00174941196991871	3	0	0	0	-0.305	1.64	Type_I
261	7	0.0365769496204279	0.124674736055482	4.69183933431466	0.00434299341439876	0.00387024015269996	3	0	0	0	-0.075	1.45	Type_I
267	5	0.115637903405037	0.129562611484142	3.34889835302993	0.00192699045794979	0.0036175237711785	3	3.09154435992241	8.59568619728088	0.103662399870729	-0.733	1.49	Type_II
270	4	0.0101999040834708	0.127353287645598	2.3495740825569	0.00187187406841698	0.00136829876483414	3	0	0	0	0.203	1.64	Type_I
271	4	0.0158496215975951	0.126957916705001	2.40382864145272	0.00215177716801759	0.00210677524729751	3	1.37673477339558	16.7807323932648	0.159350588216023	3.338	1.5	Type_II
272	6	0.0159548958369887	0.125808101347263	4.35849266224371	0.00281049256674368	0.00380118247135841	3	0.077497556805611	4.21938753128052	0.039864964109527	-0.853	1.47	Type_I
289	4	0.00913546455182417	0.125605734927676	2.43316825973415	0.00211520546929429	0.0501731121947328	3	98.6036142258454	86.8022155165672	0.846272940592447	0.643	1.58	Type_II
299	2	0.00332198710975424	0.121191286063808	1.86822361312383	0.00151278900170411	0.000280615370415681	2	109.804214641452	76.7262352705002	0.748037781714928	-0.217	1.58	Type_I
302	5	0.0182475348282275	0.118771046793483	3.20865702143879	0.00280960302632632	0.0000163118641606776	3	69.3710013497403	62.1026836633682	0.554438743535115	-0.276	1.61	Type_I
307	2	0	0.122659952352884	1.55325724964077	0.00111863844531961	0.0001853612096489	2	0	0	0	-0.798	1.65	Type_I
319	6	0.00453848943163608	0.126002322280821	4.31426173868459	0.0030138615456244	0.211004186220017	3	57.7496503293514	48.0794640779495	0.39899307959992	-0.856	1.58	Type_I
325	4	0.00301786152928378	0.129750161729735	2.20856989363565	0.00262708746076091	0.827776155710825	3	47.0988619476557	54.9001380205154	0.49013604160803	-0.805	1.6	Type_I
326	3	0.000561462610099309	0.124643858233081	1.82272968847713	0.00146118290784958	0.0824260025068335	3	33.4916328936815	31.5825649499893	0.669760681793857	0.656	1.61	Type_I
336	5	0.0000818799639728159	0.123773530545124	3.39350486753343	0.00258765783538491	0.0712294874102525	3	4.35750292241573	18.4095504283905	0.266523104952594	0.201	1.38	Type_I
339	6	0.01221181176966	0.122915864215642	3.51529050869158	0.00285541210748808	0.0606004524144831	3	66.9470328483731	64.2127056121826	0.792455949798625	3.355	0	Type_I
340	4	0.00676094559661251	0.12410332085695	2.89497744534649	0.0022869978679561	0.0188506924382057	3	7.31534506380558	17.6914230585098	0.375175974096275	-0.726	1.61	Type_I
351	5	0.0148319706167901	0.128529896094573	2.75336689527995	0.00222040112644533	0.0407330314634729	3	0	0	0	-0.154	1.6	Type_I
356	7	0.00997765846697313	0.130696032739942	4.69969637690283	0.00321356624360504	0.0637778626599978	3	0.002576095750555	3.1873185634613	0.028749806641122	-0.801	1.52	Type_I
358	6	0.0256869144120434	0.131486090455992	3.06034266489417	0.002492547402853	0.0130374792474904	3	0	0	0	0.734	1.49	Type_I
364	5	0.0593629738802915	0.125251708910037	3.32272974603998	0.00252630568581453	0.000301362602228591	3	10.8002201318741	18.5082578659058	0.180445138597112	0.112	1.63	Type_I
367	3	0.00340386707372706	0.122045622513855	2.15962222126441	0.00229344427140018	0.000725331545281963	2	0.073656477034092	2.8457510471344	0.041199181259456	0.83	1.53	Type_I
371	2	0.00476073504813372	0.110240858435734	1.95350892531763	0.00203006313728617	0.00000207055868495985	1	57.4454680681229	50.4883149862289	0.826823362530975	-0.688	1.38	Type_II
374	4	0.0127264858289177	0.117064927636474	2.67467764653906	0.00249540122065337	0.0000264194963792426	2	58.7181679531932	49.8080834150314	0.815683530370788	0.625	1.44	Type_I
378	2	0.0000233942754208045	0.00242721071968574	1.99723723307512	0.00324258258758409	0	1	103.334356784821	60.5550136566162	0.991680946835501	0.422	1.49	Type_II
380	3	0.00638663718987964	0.118451621190975	2.98300675034242	0.00227278240129336	0.00000807008772574395	2	96.0007452964783	109.140761375427	0.78747978913689	0.971	1.61	Type_II
393	7	0.0189961516416933	0.125893135823271	4.56516270955067	0.00340597816818102	0.00537898272880382	3	44.4170806109905	65.3355166912079	0.471413230572588	1.163	1.65	Type_I
394	7	0.0546607245207098	0.127282379763344	4.06889056649624	0.00304046399210405	0.013574724801157	3	17.1302395910025	37.9374625682831	0.468190331584389	0.46	1.46	Type_I
395	5	0.0325882256611807	0.127943981538551	3.69126921040142	0.00204522059910654	0.0058893937731975	3	0	0	0	-0.355	1.58	Type_I
396	4	0.0153115532629166	0.128948506945007	2.44680232670372	0.00220816883431726	0.00589873280043062	3	0	0	0	0.281	1.64	Type_I
408	7	0.0552689756816507	0.131482909640378	4.09180166566605	0.00327409091370805	0.0790397131859167	3	0	0	0	-0.866	1.53	Type_I
409	7	0.0307283807652267	0.131835541655974	4.12196353559039	0.00265552581678947	0.0802258910518121	3	0	0	0	-0.786	1.42	Type_I
412	6	0.00349744417541028	0.125932357339027	2.96011013670581	0.00311260943237673	0.0830521338911361	3	3.36964103579521	14.9434729814529	0.107821155030506	-0.854	1.56	Type_I
416	3	0.0103753611491268	0.121202833905631	1.9612811473323	0.00166532642934077	0.0118795549792194	3	16.3280107975006	27.8473107814789	0.343666676310982	-0.378	1.38	Type_I
417	5	0.0108315495198325	0.118266443844045	3.03348540151186	0.00308882727505375	0.0205864694719745	3	21.3198244273663	20.5957211256027	0.261965417522294	-0.728	1.48	Type_I
33	2	0.00243300464376367	0.120886141563243	1.74270008398133	0.0012300311634742	0.0378612006197346	2	203.062417477369	132.99290060997	0.959579354305495	1.713	1.52	Type_II
154	3	0.00210548478787241	0.122953773293972	2.55643623939071	0.00149601898035087	0.00922130864921065	3	44.777179479599	38.3240308761597	0.812724650114721	-0.535	1.59	Type_I
353	6	0.0312547519621948	0.129071174069715	3.88692378059313	0.00282506789143326	0.0804477602472465	3	19.3640051335096	25.6658658981323	0.297948339928633	0.709	1.55	Type_I
21	4	0.0158028330467535	0.120932884242978	2.99439239644758	0.00200539178969875	0.0158182298945533	2	26.1002733111382	44.6728311777115	0.568212047541484	1.02	1.53	Type_I
83	4	0.0120363547040039	0.123158148426121	2.76834465419884	0.00200737046335449	0.0537330077145162	3	92.49407812953	64.2435215711594	0.70955171216531	-0.826	1.51	Type_I
105	3	0.0000584856885520113	0.12152364950121	2.39087781127947	0.00212893316165757	0.0310308318484585	3	65.2288579940796	55.0924267172813	0.517134686741147	1.093	1.45	Type_II
327	7	0.0944894784246295	0.130531677928533	4.31847147814035	0.00276052542792957	0.255604119362275	3	0	0	0	0.777	1.64	Type_I
354	4	0.00305295294241499	0.127687490559251	3.20170973308957	0.00228955486350553	0.0568495738399813	3	0	0	0	-0.856	1.51	Type_I
389	4	0.0121650232188184	0.120469730178967	2.60234110690306	0.0024147238686196	0.00042590252727607	3	0	0	0	-0.15	1.58	Type_I
413	4	0.01017650980805	0.126148416437122	3.37577422885629	0.00180076564836252	0.034814058375085	3	0.461046189069748	8.28016471862793	0.091732747481033	-0.844	1.57	Type_I
214	3	0.00161420500403551	0.124783120583861	1.62833247234068	0.00292380531654192	0.000351258694135044	3	45.679051220417	49.8198449611664	0.721263662518877	3.158	1.38	Type_I
366	3	0.00237451895521166	0.123354099591258	1.98287670053877	0.00188699133714629	0.000326201666224238	3	0	0	0	-0.042	1.54	Type_I
388	3	0	0.117709542212723	2.25032874976873	0.00216654785253163	0.0000900226866422627	3	72.5547416210175	57.5584926605225	0.69414487048387	0.298	1.21	Type_I
24	1	0	0.110536730504055	1	0.00167888735266226	0.00514888337075919	1	192.294459223747	119.423581123352	0.861673084334587	1.231	1.61	Type_II
411	3	0.00245639891918448	0.130223673304393	2.28679935119365	0.00162369191032119	0.0521866282871691	3	0	0	0	-0.79	1.59	Type_I
103	4	0.00811781357101917	0.124307595397712	3.25306332514446	0.00197196925135729	0.0272150020488361	3	0.524956464767456	5.44870471954346	0.078883278843303	-0.512	1.38	Type_II
124	2	0.00904188745014095	0.116929217669971	1.99621185257452	0.00220411135514783	0.000016891484162388	2	86.4214961035177	79.9004063606262	1.15675309253437	-0.861	1.38	Type_I
379	1	0	0.00242720180275125	1	0.00179079850508043	0	1	92.7803239822388	51.6249570846558	1.09479285515122	0.106	1.61	Type_II
381	1	0	0.115219594613169	1	0.000957529807046102	0.000000892803169277186	1	110.996267318726	68.5255695581436	0.99207461031291	0.989	1.47	Type_II
