node	dg	bt	cl	burts	pr	auth	areaSAS	areaSES	relSESA	consurf	type
32	2	0.000757288905717531	0.196522580661279	1.99605329479455	0.00140145481888469	0.0466193484958965	91.9703920185566	85.097870349884	0.939882156701207	-0.84	Thrombosis
42	9	0.0375890675019793	0.318782447063921	5.69104155965158	0.00263676875343122	0.241715314597197	0	0	0	-0.84	Thrombosis
51	8	0.0373366378667401	0.3068197442648	4.44399915498361	0.00253486871126	0.2014853685631	57.444679727264	62.3647308349609	0.585397439643315	-0.343	Non_thrombosis
62	8	0.000803185203033745	0.290991567815384	4.18940216181142	0.00336858723051305	0.313857991846758	39.7958526611328	53.6544394493103	0.592598264314623	-0.866	Non_thrombosis
83	4	0.00290294080525054	0.221407252834824	2.41038045930293	0.00208862454925828	0.0550869923844613	92.49407812953	64.2435215711594	0.70955171216531	-0.081	Thrombosis
105	4	0.000596651865110782	0.228035811671072	2.39859225482631	0.00235064755985507	0.0826325210367851	65.2288579940796	55.0924267172813	0.517134686741147	-0.766	Thrombosis
114	9	0.030027652519133	0.296121882684046	5.12819702624793	0.00377562980016034	0.435108800173812	4.2599580809474	18.0878447294235	0.199775181734502	-0.813	Non_thrombosis
131	8	0.00685002237444494	0.281539122800374	5.28520703988582	0.00258937979164914	0.390521820310425	6.60640108212829	30.6323518753052	0.338325751596571	-0.866	Non_thrombosis
158	5	0.00042454075017498	0.250795610246755	2.84954357583637	0.0023259556374824	0.0478514256683498	41.2535360096954	34.9705368280411	0.328257052471897	0.396	Non_thrombosis
179	4	0.00191617041295194	0.266358042390796	3.03062334613276	0.00155387686485888	0.0433491056337511	119.859990134835	81.8512921333313	0.904024609108926	-0.727	Non_thrombosis
204	7	0.00829575573990568	0.299789731550937	3.72466487394742	0.00285977056678287	0.812662206098465	0	0	0	-0.866	Thrombosis
220	3	3.44222229871605e-05	0.195820341223855	1.74269582450145	0.00154420028964879	0.0163975987938187	85.9787961542606	68.7056723833084	0.758834918802624	-0.134	Non_thrombosis
241	5	0.0123575780523906	0.245431580568543	3.06326445855306	0.00280232973248668	0.0280090818222621	10.6190409476403	31.5312424898148	0.295973515401794	-0.798	Thrombosis
255	6	0.000734340757059424	0.246655967049385	4.67654970711476	0.00251565009460776	0.0215656589601356	19.7401505708694	31.5796324014664	0.296427735760099	-0.561	Thrombosis
292	4	0.000298325932555391	0.245258783901134	2.54679991020352	0.0020169491289981	0.0332036133953772	64.0831059068441	72.8137065172195	0.683478575076685	0.272	Non_thrombosis
321	7	0.0107741557949812	0.288312343408283	2.90779135102822	0.0031867569501177	0.442632667554646	23.7065175771713	38.8697261810303	0.364857474430982	0.83	Non_thrombosis
323	7	0.00608125939439836	0.25439988646947	3.80240307859606	0.00230305964668575	0.0989597468603125	66.4322921484709	61.1672360301018	0.574156945483149	0.143	Non_thrombosis
363	8	0.00166374077771276	0.263221027615448	3.97966329625075	0.00330668090506899	0.101949447292113	20.6609990000725	34.9432339668274	0.385938237558978	-0.786	Non_thrombosis
385	2	0	0.145238985489186	1.10047939704821	0.00170781699909615	0.000288911179843044	127.690183922648	80.7259494066238	0.891595513707865	0.402	Non_thrombosis
392	6	0.00144573336546074	0.242354616719743	4.46197708846527	0.00292850306327463	0.0423009199876199	27.8113567717373	38.1448940038681	0.421299676432424	-0.288	Thrombosis
87	5	0.00346517044737416	0.252273854065489	3.95236785288003	0.0020347667050049	0.04093552071727	32.764259708114	56.433890581131	0.529726571621557	0.315	Non_thrombosis
146	8	0.0164194003648756	0.246882550580293	3.81922323386282	0.00267025763295823	0.118997364340372	77.4427512772381	70.7368557453156	0.663983852528916	-0.863	Non_thrombosis
383	4	0	0.179407800318904	1.63669951881194	0.00265864074474307	0.000767840954656361	96.3102873563767	65.2186088562012	0.720321278273944	-0.39	Non_thrombosis
1	8	0.0254724450104988	0.260782668900562	4.13452553770962	0.00331391772392446	0.144997588939853	1.57130133360624	9.35114622116089	0.084347905732798	1.713	Non_thrombosis
2	4	0.00438309639369844	0.231801350131022	2.89115696069709	0.00179382121591002	0.0489005971303601	39.0918441787362	39.206998705864	0.831449447690891	3.237	Non_thrombosis
3	7	0.00561082234690716	0.238478117526509	3.54430957856681	0.00322433546420005	0.250892998409378	6.60621822439134	13.35610216856	0.193362126569861	1.526	Non_thrombosis
4	3	0.00192764448728099	0.20989473836683	2.35274760994232	0.00145221113701523	0.0310383072305072	63.2479312419891	51.9043568372726	0.640557285416175	1.916	Non_thrombosis
5	4	0.00353401489334848	0.200209225169069	2.66026531293996	0.00253929588648039	0.0461880104510667	55.4134538788348	56.5423667430878	0.626411046963217	0.67	Non_thrombosis
7	2	0	0.182531883171884	1.78315585187267	0.00207062043147721	0.00924094222158309	116.220630481839	79.1702123880386	0.751803891365613	-0.128	Thrombosis
8	3	0.00699918534072264	0.229119470543739	2.31404807222523	0.00126588881125302	0.0204737882143058	26.3419846594334	35.0585639476776	0.445924242529606	-0.85	Thrombosis
9	5	0.00815806684795704	0.223670978212701	3.27378851652117	0.00229270690644624	0.0365302449541752	32.6715688258409	44.1811270713806	0.532816293673186	0.661	Non_thrombosis
10	2	0.00449783713698897	0.213382394742178	1.99765600977239	0.00103845135761223	0.00262994087612263	73.3661150932312	51.7455523014069	0.847412546082028	-0.436	Non_thrombosis
11	2	0	0.190470133121823	1.68903525642581	0.00160933398052732	0.00280132595187332	193.063141074032	121.386855244637	1.00734307517416	-0.786	Non_thrombosis
12	5	0.00144573336546074	0.216397337704625	3.33461079816079	0.00292373045058828	0.011668177849088	19.399676553905	34.5020496845245	0.42579352936597	-0.764	Non_thrombosis
13	5	0.0184158892981309	0.240818994648397	3.69455648669932	0.0020591920151024	0.0290090905130463	122.3443345204	95.9168487787247	0.692065722275152	-0.114	Non_thrombosis
14	4	0.00118182965589251	0.211930723546963	2.09225935453099	0.00212019393213238	0.0133356056300447	112.331485535949	76.9130717515945	0.89286378017221	-0.495	Non_thrombosis
15	4	0.000975296317969548	0.212942887811216	2.26367939496051	0.00226146497316461	0.020086004985363	100.718058407307	82.3343958854675	0.781851119920495	-0.271	Non_thrombosis
16	4	0.00019505926359391	0.217897534026385	2.67267713256418	0.0023730996381141	0.032166347078198	14.3243036083877	31.8870370388031	0.39352137527833	0.312	Thrombosis
17	2	0.00300620747421202	0.214401351348245	1.99819606488823	0.00101633820772134	0.0102752706902755	132.029301610775	104.077795803547	0.929183071186027	-0.441	Non_thrombosis
18	6	0.00551902975227474	0.221091430533538	2.91095721282352	0.00296760032855971	0.0126597968300607	34.4867476597428	63.180636882782	0.697812448313824	-0.329	Non_thrombosis
19	3	8.03185203033745e-05	0.191484765811904	1.52883299554539	0.00181065408019988	0.00499313159964605	104.038571551442	78.2318921089172	0.96546824767268	-0.811	Non_thrombosis
20	3	0.00143425929113169	0.206156615929862	1.49984251191066	0.00173595725659212	0.00354874121524567	157.644323945045	99.7622907161713	0.890655215750123	0.299	Non_thrombosis
22	4	0.0158342225740938	0.233831014515949	2.9447658699042	0.00154166125977398	0.0101445234629967	75.5720153450966	62.5259664058685	0.593749384237216	-0.249	Non_thrombosis
23	4	0.00696476311773548	0.225426182449458	3.32624724926101	0.00300551666599228	0.0102103329615779	59.9698471426964	79.9080436229706	0.610521019390844	-0.691	Non_thrombosis
25	2	6.8844445974321e-05	0.200621052004056	1.78427705211698	0.00160660235239584	0.0033509503850929	26.4677638234571	32.6913841962814	0.473287452351591	0.099	Non_thrombosis
26	4	0.00775647424644017	0.240305729449115	2.96814404869382	0.00240356319701296	0.00500042047356519	52.4123012945056	53.5057445168495	0.660320184090454	-0.255	Non_thrombosis
27	1	0	0.186842297037706	1	0.00112150290704592	0.00066917343821676	160.35981965391	109.77969545126	1.07029048894667	1.076	Non_thrombosis
29	4	0.0197009856229849	0.26680032836838	2.80197687713981	0.00185088437462913	0.0388907630416703	126.646948873997	101.754575490952	0.844422295820414	0.589	Non_thrombosis
30	3	0	0.252470179177696	2.57212197410405	0.00162832728955144	0.0981524626450896	53.3766741175205	45.9104799032211	0.751854312811705	3.379	Non_thrombosis
31	3	0	0.248550841748629	2.15017103164854	0.000944999720034541	0.0260018449452065	34.1990228164941	34.3595707416534	0.414370124718445	1.234	Non_thrombosis
33	2	2.2948148658107e-05	0.177050876546862	1.96660886674657	0.00149500219316473	0.0382055207353226	203.062417477369	132.99290060997	0.959579354305495	-0.642	Thrombosis
34	5	0.0039241334205363	0.256899311612633	2.50233150699258	0.00135716707728038	0.0497944140173148	100.574404112995	84.0278137922287	0.606283154458882	-0.83	Thrombosis
35	8	0.0063910594012828	0.265453578547449	4.65093214249387	0.00271120664773232	0.169915537834862	0.304344862699509	6.72064971923828	0.074455483019125	-0.838	Non_thrombosis
36	6	0.00407329638681399	0.235690062473369	3.92037342229009	0.00320966306843601	0.135545186816326	98.0981697886235	116.040160775185	0.77923755682896	-0.627	Non_thrombosis
37	6	0.00445194083967276	0.257734107438959	3.32720726909548	0.00254612892848826	0.082091947599458	54.2007922083139	56.5079015493393	0.550920362185232	-0.826	Non_thrombosis
38	10	0.0390462749417691	0.295802110388969	5.46072174917745	0.00346411268574318	0.258561177447165	0	0	0	-0.855	Thrombosis
39	8	0.0232120523676752	0.304467689814773	3.88469382266854	0.0029099024561609	0.187035876480464	0	0	0	-0.867	Non_thrombosis
40	6	0.00603536309708214	0.271974276459942	3.51816482083903	0.00219439925512844	0.118890380309714	80.2041252304334	90.160209774971	0.748205090164238	0.412	Non_thrombosis
41	5	0.00479616306954436	0.279340642593329	3.26997448234331	0.00165701642919435	0.116479453854835	0.32709676027298	7.94983768463135	0.130190748646993	-0.866	Thrombosis
43	7	0.00672380755682535	0.299981437255046	4.15868043818838	0.0025929882572214	0.190803638080822	11.2004478871822	23.2109937667847	0.336035697983071	-0.148	Thrombosis
44	10	0.0307964154991796	0.304751448103596	4.84078449888052	0.00356023895206839	0.229530755011975	26.2774041518569	64.3637654185295	0.464401785190876	0.362	Thrombosis
45	10	0.0629238236205294	0.340771000960233	5.52115305444516	0.00296766948031536	0.355404975817253	1.38177965581417	13.5016672611237	0.108261039347015	-0.853	Thrombosis
46	7	0.0543526900967264	0.33216695115852	3.89508525004642	0.00216170891049773	0.303300267570371	0	0	0	-0.839	Non_thrombosis
47	8	0.0256445561254346	0.303484793996208	4.43146452819862	0.00285794911608982	0.282205982922916	2.54801273718476	16.4326877593994	0.198175202115285	0.083	Non_thrombosis
48	7	0.0253232820442211	0.315369635596404	3.9899017630722	0.00215114105871996	0.218232922949399	49.54614058882	53.7474639415741	0.64818456273003	0.91	Non_thrombosis
49	9	0.00206533337922963	0.319186517563303	4.03259143415898	0.00368331948865225	0.566723761512089	1.24502024799585	15.480899810791	0.124131210696402	-0.113	Thrombosis
50	12	0.0891191353137586	0.342555264221817	5.62946817391556	0.00345751738408886	0.447690598071545	0	0	0	-0.413	Thrombosis
52	8	0.0215942078872787	0.301301820956296	3.90808591041219	0.00254033811597559	0.227510406087698	64.8652833215892	67.7990148067474	0.611551223181082	-0.072	Non_thrombosis
53	10	0.0355581563457368	0.326852200504721	4.83819483560932	0.00353763682727674	0.543539700216367	13.0970401632367	20.9205380678177	0.197658189261519	-0.247	Thrombosis
54	7	0.0228104597661584	0.307784804624199	3.55948623962963	0.00218859942153772	0.339050889250725	5.43148422241211	15.6409015655518	0.256143680552082	-0.388	Non_thrombosis
55	2	0	0.274648304414203	1.60184307906672	0.00083837185808539	0.0397569883556831	116.451979130507	83.4937756061554	0.969257454042806	0.437	Non_thrombosis
57	9	0.0132066595527406	0.293281001241974	4.18441543051752	0.00285297721973365	0.371745830353764	54.7646436318755	60.8849271535873	0.505260718939	-0.512	Non_thrombosis
58	5	0	0.247011882733372	3.31741566575247	0.00300593828650831	0.215644467826246	86.1825839877129	57.1655111312866	0.631377068193267	0.749	Non_thrombosis
59	4	0.00456668158296329	0.260398802812376	2.6570348092469	0.00165878908385181	0.116407150941957	69.3184422031045	71.7723578810692	0.833186574273516	1.093	Non_thrombosis
60	5	0	0.239236228239779	3.48311304343855	0.00317243759026685	0.121029612508089	28.4551740586758	42.2948517799378	0.467134798377948	1.662	Non_thrombosis
61	5	0.00321274081213498	0.261377384291907	2.55910969644719	0.00181468572187286	0.192100784340788	63.4247723072767	45.1238397359848	0.523830880824508	0.792	Non_thrombosis
63	11	0.0153408373779445	0.318608649656251	5.49838639235257	0.00363463081986459	0.538678267338042	0	0	0	-0.528	Non_thrombosis
64	9	0.0146294447695432	0.32085889792764	5.00475928762703	0.00355921496134545	0.502652823017249	0	0	0	-0.801	Non_thrombosis
65	10	0.0177503929870458	0.326873074618386	5.74608661820931	0.00249643491438924	0.588357835957147	0	0	0	-0.033	Non_thrombosis
66	8	0.0103496150448063	0.340626766344955	4.24878107263755	0.00286555714171126	0.903199459171587	0	0	0	-0.844	Thrombosis
67	8	0.0781843424781706	0.341934307949081	4.70560214936379	0.00255195087851668	0.55349123162919	0	0	0	-0.856	Thrombosis
68	9	0.0732504905166776	0.339913804607002	5.534806869481	0.00267456140933733	0.562810607607374	0	0	0	-0.429	Non_thrombosis
69	9	0.0149736669994148	0.333207085206197	4.04929845682696	0.00308633342271918	0.883796792411296	0	0	0	-0.844	Thrombosis
70	11	0.128280150998818	0.351291593866662	5.03248981385849	0.00282113841999639	0.676239040196173	0	0	0	-0.575	Thrombosis
71	6	0.00994802244328939	0.313316041037661	4.49171076805749	0.00166052568943603	0.240187969024679	0	0	0	-0.867	Thrombosis
72	9	0.00624189643500511	0.294460763093483	5.52325382107834	0.00310861851901633	0.576963103003517	2.58866620063782	11.9566221237183	0.144194671053042	-0.762	Thrombosis
73	9	0.018014296696614	0.325242392815634	4.49853596001252	0.00285294445655151	0.479810811536334	0	0	0	-0.866	Thrombosis
74	11	0.117632210021457	0.332347228980909	6.09381852466898	0.00244574853677667	0.254487171342129	0	0	0	-0.802	Non_thrombosis
75	9	0.0240381857193671	0.300362073681958	5.07493234278925	0.00222556169025212	0.281671389443744	0	0	0	-0.784	Thrombosis
76	11	0.0266313265177332	0.300230732756627	5.29029182899946	0.0030695446327188	0.412072734118424	0	0	0	-0.865	Non_thrombosis
77	5	0.0128509632485399	0.291375161388355	2.87894578855137	0.00164371953632435	0.213283103700165	0	0	0	-0.767	Thrombosis
78	9	0.0451734306334836	0.304822277634543	4.52009876716485	0.00273953067718942	0.152834020430991	7.05212005972862	21.6718165874481	0.179846115313008	-0.861	Non_thrombosis
79	7	0.0116806076669765	0.268510056549975	3.6693451653026	0.00254052063120707	0.306735263933847	30.7111606011167	40.9120534658432	0.386538930347529	-0.855	Thrombosis
80	3	0.000608125939439836	0.235505482278739	1.9643879953239	0.00133488056993344	0.057701492289418	2.84390294551849	11.5972919464111	0.245939814365627	-0.803	Non_thrombosis
81	7	0.0122772595320872	0.274673466547844	4.12916637074736	0.00204326192662875	0.0800075055451845	6.82004547119141	15.2986698150635	0.250539112311276	-0.811	Thrombosis
82	6	0.000114740743290535	0.248446092692314	2.67031812863913	0.00286141240784259	0.0855819394580384	17.6040151047055	23.453018039465	0.298308547945369	-0.792	Thrombosis
84	6	0.01115280024784	0.256450404820498	3.42468222946393	0.00198090227759783	0.0608048895614002	53.4456177055836	47.683110833168	0.553540791172344	0.839	Non_thrombosis
85	11	0.0112331187681434	0.274502492560707	5.17626438671482	0.00382197675565311	0.159661838867682	0	0	0	-0.866	Thrombosis
86	8	0.0125296891673264	0.278669795227277	4.54477767336814	0.00251877248856703	0.082363496392667	2.986822253024	15.7130887508392	0.148457972740871	-0.855	Thrombosis
88	8	0.0202517411907794	0.280317902411898	3.62732950868904	0.003525652004115	0.145129736965536	30.3326700329781	37.1707445383072	0.348909686469176	-0.56	Thrombosis
89	9	0.0259773042809771	0.305795184595779	5.26345447204177	0.00262565231690823	0.183515999735079	0	0	0	-0.513	Thrombosis
90	9	0.0050830149277707	0.277785489289442	4.9866065117633	0.00315776002706734	0.129865768332554	0.733450725674629	9.09197902679443	0.081171136744884	-0.808	Non_thrombosis
91	5	0.00224891856849449	0.268158218971328	3.1976623693905	0.00179551494632359	0.0753333608113435	95.6588302254677	83.2685780525208	0.811821956249593	0.268	Non_thrombosis
92	7	0.0237398597868117	0.304635533963973	4.07933081425823	0.00232335570665797	0.202914892382423	12.7532592928037	34.298316270113	0.379977801450334	-0.866	Non_thrombosis
93	10	0.0176586003924133	0.326629883182949	5.46481748899987	0.00320130572033328	0.319127972387096	0	0	0	-0.853	Thrombosis
94	8	0.00974148910536642	0.303005183005845	4.08343182614209	0.00322374255178597	0.221909373335255	57.0568114668131	46.4504129886627	0.385474207802881	1.148	Non_thrombosis
95	7	0.0185306300414214	0.29738534000849	5.2816338532225	0.00233076464315394	0.192553184476221	0	0	0	-0.853	Non_thrombosis
96	4	0	0.260554336882995	2.48841455605055	0.00234641165019825	0.0937543115477235	23.0126063327771	35.5117521286011	0.412246663980417	-0.532	Non_thrombosis
97	5	0.0024439778320884	0.266927868507706	3.26969656833877	0.00283552256260548	0.114656902310039	11.962020592764	35.2548984289169	0.425167612505028	-0.5	Non_thrombosis
98	7	0.0188978004199511	0.265252542157479	3.37769747528798	0.00252197799815919	0.0830246879595858	1.8307893872261	15.7865364551544	0.149909658951014	-0.702	Non_thrombosis
99	4	6.8844445974321e-05	0.226255474789523	1.77208382415139	0.00167344567687421	0.0313793343449709	50.5482982397079	47.3325426578522	0.685253900335184	-0.694	Non_thrombosis
100	4	0.00337337785274173	0.227823953086073	2.52541628696424	0.00184176509185701	0.02222993607475	125.504536138847	87.1729610562324	0.849887501766915	-0.68	Non_thrombosis
101	7	0.00495680011015111	0.241321195771865	3.14507225875663	0.00256689991513662	0.0602933392201715	57.9268059041351	63.0954467058182	0.523604975069444	-0.824	Thrombosis
102	4	0.000814659277362799	0.226002284767447	2.80180714796407	0.00217173723291745	0.0536001481333946	42.3282193690538	39.8278954029083	0.480317117738885	-0.79	Thrombosis
103	7	0.0239234449760766	0.260778065674769	3.87270141233083	0.00273468210792317	0.0950228076234572	0.524956464767456	5.44870471954346	0.078883278843303	-0.867	Thrombosis
104	5	0.00111298520991819	0.238807321288119	4.17923971837631	0.00254955680938738	0.0787967766254879	15.4287699188571	32.7463827133179	0.380144212037309	-0.831	Non_thrombosis
106	7	0.0344107489128315	0.284536765698531	3.98758404353187	0.00203382928098073	0.165838249011472	0	0	0	-0.33	Non_thrombosis
107	9	0.0351909859672071	0.29721553620578	5.00962712111626	0.00313806987028845	0.324667602550617	3.57440034020692	14.6885877847672	0.132491952164518	-0.864	Thrombosis
108	7	0.0110151113558914	0.255897705262626	3.74406515469346	0.00297688974950277	0.120699933928258	14.2014113897458	29.9969357252121	0.240525808852351	-0.535	Non_thrombosis
109	9	0.00316684451481877	0.280181772181687	4.63963893882039	0.00376289203418204	0.176077967467474	8.37160494830459	17.5889146327972	0.141034002860924	-0.853	Non_thrombosis
110	10	0.0179569263249687	0.295868328048304	5.93100950939935	0.00336864383380239	0.426832714040213	0	0	0	-0.853	Thrombosis
111	6	0.0162587633242688	0.278082215418222	3.9771696448681	0.00203114330012435	0.109816542390845	0	0	0	-0.811	Thrombosis
112	9	0.0223170745700091	0.271580406967042	4.98933751035195	0.00333218596226417	0.116632898426914	23.5767548084259	32.3979152441025	0.268857904799111	-0.861	Thrombosis
113	9	0.0419836379700068	0.305381198106397	5.45234075759922	0.00260253005794735	0.255010029551088	0	0	0	-0.855	Thrombosis
115	6	0.0180028226222849	0.277017406020735	3.90854758604887	0.00187286627767338	0.131122547522063	14.6523374319077	23.7414765357971	0.301977569776102	-0.85	Thrombosis
116	8	0.0110036372815623	0.294438664192655	4.53786139307068	0.00321218677604948	0.260430941633414	74.0145719442517	69.2985999584198	0.500007936494244	-0.797	Thrombosis
117	9	0.0771057794912395	0.333392796038892	4.84421551339858	0.00243675357800037	0.336177962184383	5.56822604499757	19.5770435333252	0.184964792174422	-0.754	Thrombosis
118	8	0.0135967780799284	0.299468348566802	4.35439917006204	0.00317492440429724	0.363886875378851	14.5881826244877	37.7105757594109	0.28811992023082	-0.467	Non_thrombosis
119	6	0.0160637040606749	0.259721642681718	3.40504181650185	0.0031439039217224	0.165666870958917	86.8895162791014	97.4279831647873	0.702968961108173	-0.69	Non_thrombosis
120	3	0.00746962238821383	0.22680148187424	1.79629849622402	0.00190847706994121	0.0238720186514194	132.956126272678	91.6788020133972	0.760807306213982	-0.824	Non_thrombosis
121	2	0.00462405195460856	0.211945577720096	1.97005300969873	0.00140088922583137	0.00238274574623917	56.2919472996146	57.346993714571	0.939144714713836	-0.541	Non_thrombosis
122	1	0	0.186600762493644	1	0.00105901209037562	5.41037990305591e-05	155.017617771402	95.5151437520981	1.05493802533767	-0.692	Thrombosis
123	3	0.00714834830700033	0.209259919027661	2.96635798103513	0.00245568212126702	0.000608808109826628	156.479181210045	110.511622130871	0.917093675879826	0.199	Non_thrombosis
125	3	0.0116117632210021	0.264253556058064	2.99990307614179	0.00168163247248251	0.0405960226113685	24.2402317710221	41.4965759515762	0.600764060509551	-0.694	Non_thrombosis
126	3	0	0.26559471704795	2.55154685461144	0.00117719032957988	0.0490692726767384	96.7145662254843	82.5510625839234	0.685059688502459	0.096	Non_thrombosis
127	8	0.00846786685484149	0.306612667385718	4.93662854938656	0.00286660515347449	0.284902718500573	13.2141764760017	25.9763116836548	0.245425366902126	-0.805	Non_thrombosis
128	6	0.00174405929801613	0.282535055073563	3.34457795645424	0.00208849227159238	0.141613985078852	24.5354019403458	32.219229221344	0.356944398889302	0.153	Non_thrombosis
129	5	0.00302915562287012	0.284087113288907	2.8308019775576	0.00174055534174595	0.142050471815342	26.9148288965225	45.1785943508148	0.654070249602809	-0.701	Non_thrombosis
130	5	0.00125067410186683	0.268013646416313	3.41187696017298	0.00225081218688221	0.185221306976234	0	0	0	-0.811	Non_thrombosis
132	7	0.00751551868553004	0.27848640067496	4.0746780109658	0.00239917746663297	0.134650429737727	43.9464896321297	44.7818026542664	0.323112685553349	-0.83	Thrombosis
133	10	0.0279852672885615	0.281538315539207	5.65895488786698	0.00286692990850628	0.197122509322347	0	0	0	-0.805	Thrombosis
134	10	0.0384266749280002	0.283828659867672	5.98087605070922	0.00296261314441654	0.113612373063186	5.93951779603958	14.383499622345	0.115331876311761	-0.853	Non_thrombosis
135	4	0	0.210065755918079	3.06417809656565	0.00212706508881567	0.0504205910091649	0	0	0	-0.854	Thrombosis
136	5	9.1792594632428e-05	0.206661166782374	3.21184540853563	0.00352490103715059	0.0423694591378658	2.40345001593232	15.2146506309509	0.17662290904496	-0.112	Non_thrombosis
137	4	0.00354548896767753	0.228829052698841	2.76679859959909	0.00163819762653191	0.0136058645755773	148.126555042341	102.823859810829	0.853295877336718	-0.71	Non_thrombosis
138	5	0.000126214817619589	0.194933152621719	2.10874855842562	0.00264556745769814	0.033680076628242	38.5252659302496	41.5278630256653	0.601217017150917	-0.773	Non_thrombosis
139	9	0.0133902447420054	0.240553351369316	4.06692111510814	0.00374258507320702	0.058095056018397	4.64662933349609	9.13703060150147	0.086327078111728	-0.454	Thrombosis
140	3	0	0.22625718464825	2.07657929624883	0.00144743054493204	0.0276037244125447	90.9961963891983	66.3477698564529	0.800141942311299	1.004	Non_thrombosis
141	7	0.0121051484171514	0.25262866758244	4.21319328272518	0.00238841059858589	0.104545183316304	10.9410400688648	29.1116908788681	0.233427609401255	-0.641	Non_thrombosis
142	5	0	0.216784442925531	2.79189259162329	0.00294972820404247	0.12974307210041	62.153469055891	53.0973854064941	0.586445758346983	-0.599	Non_thrombosis
143	4	0	0.217215743661646	1.90624875611636	0.00163996520949836	0.0478396291056391	118.788051406387	78.8046909570694	0.768301559491756	-0.195	Non_thrombosis
144	6	0.00849081500349959	0.238745417006132	3.05969585494464	0.0026442615118179	0.0920328070642545	51.7928661322221	61.5810446739197	0.742656110394593	-0.582	Non_thrombosis
145	13	0.0218007412252017	0.267862278624973	5.47238191813413	0.00492190209610475	0.335716372560971	5.30423654057086	17.3113397359848	0.132263740963325	-0.401	Non_thrombosis
147	5	0.0052321778940484	0.218823626836549	3.0563854162761	0.00167281509291752	0.0377557306296813	88.5405970402062	68.8724449872971	0.799522242196572	-0.464	Non_thrombosis
148	7	0.0138147854921804	0.245525094064153	4.84829220593526	0.00231365152941308	0.112666401623733	7.76064676418901	31.2844412326813	0.297078458532493	-0.705	Non_thrombosis
149	8	0.0161096003579911	0.259448698559063	4.13070178170901	0.00316298063018489	0.278949118561481	0	0	0	-0.844	Non_thrombosis
150	5	0.00394708156919441	0.232128878467906	3.67777736715925	0.00193580520411496	0.0547489322806314	125.571090519428	78.2717797756195	0.763105974218773	-0.682	Non_thrombosis
151	6	0.00767615572613679	0.222733711899551	3.33325807791493	0.00262603736759752	0.103551207211952	47.8139119743137	59.1622233986855	0.558967360770634	1.035	Non_thrombosis
152	7	0.00316684451481877	0.261624397149784	3.98471530108292	0.00296982615260942	0.245588761090031	0.006385543383658	3.11386227607727	0.034497277719548	-0.698	Non_thrombosis
153	10	0.0198272004406045	0.285417781312263	4.68885418387521	0.00363985412384243	0.486943936797754	10.7508923560381	29.7460718154907	0.227268761244533	-0.852	Thrombosis
155	5	0.00253577042672082	0.263090501926834	3.57059643861879	0.00196497450504314	0.235839113424446	4.55883174389601	18.1440584659576	0.297136702519654	-0.784	Non_thrombosis
156	4	3.44222229871605e-05	0.232885072077946	3.05118727647546	0.00186800309446017	0.0751101942219306	101.786738439085	74.7535684108734	0.620351267289119	-0.749	Non_thrombosis
157	7	0.00515185937374502	0.245970734936437	4.06650338227187	0.00261277395494692	0.152336262908869	13.3654227871448	30.2342932224274	0.285654968938865	-0.654	Non_thrombosis
159	4	0.00168668892637086	0.236558506446953	2.71772408475663	0.00219836685396719	0.0330652089001955	59.6003051027656	54.4930956959724	0.672505191854529	-0.811	Non_thrombosis
160	8	0.017371748534187	0.261001467413039	3.9061247724249	0.00214978633933108	0.0303997265816537	27.4958972334862	33.5925562381744	0.317383989703279	-0.612	Thrombosis
161	5	3.44222229871605e-05	0.219888998244243	2.60810330717757	0.00277198905246697	0.0123048485329438	42.2541722171009	49.8162171840668	0.578303466184518	-0.524	Non_thrombosis
162	8	0.0164538225878627	0.266891476197748	5.08717258118958	0.00282860957151126	0.0502098047707492	0	0	0	-0.801	Non_thrombosis
163	5	0.00222597041983638	0.184549664276211	2.66217508225048	0.0022455181543023	0.0178825864710972	97.0329137053341	93.1058452129364	0.772649791812056	-0.56	Thrombosis
164	3	0.000378644452858766	0.177400166782537	1.69859601303094	0.0018259514548487	0.00657007328824856	141.189891934395	86.7562999725342	0.845825289778046	0.288	Non_thrombosis
165	4	0.0031094741431735	0.19303354636296	2.12136447116012	0.00252318013933596	0.0119133249570103	64.0723831653595	46.2056722640991	0.510328715875671	-0.105	Non_thrombosis
166	4	0.000206533337922963	0.228940154852013	3.04683774072334	0.00162173761692365	0.0192887048436094	7.51598192751408	17.2586731910706	0.282637164749039	-0.306	Non_thrombosis
167	2	0	0.221098810888279	1.98717467496801	0.000970855127756046	0.0107066889609969	152.102455815562	99.5157859921455	0.970223125593697	-0.196	Non_thrombosis
168	4	0.000390118527187819	0.218187925668716	2.591631296879	0.00199007109278354	0.00939080799448577	118.516056656837	88.7225788831711	0.832809984447886	3.158	Non_thrombosis
169	9	0.01309191880945	0.25086801191374	4.29880627338221	0.00312248281851648	0.0356076071150324	1.94620072841644	13.559889793396	0.196312449052394	-0.642	Thrombosis
170	9	0.0163505559189012	0.252609375361899	4.94389280987499	0.00454632947028605	0.111149482211742	52.7508207634091	53.6257038116455	0.386923798200841	-0.764	Non_thrombosis
171	5	0.00175553337234519	0.226382520918262	4.27829307371389	0.00197086118312293	0.0275647370582019	39.7818834744394	37.2370491027832	0.60981362040488	3.238	Non_thrombosis
172	4	0.000711392608401317	0.245979219293805	3.33922097291494	0.00146218450418968	0.0320718843817311	49.13503241539	45.6738765239716	0.747979570672446	0.198	Non_thrombosis
173	12	0.0577031198008101	0.284153769496686	6.33737409340188	0.00307560101170303	0.102248136123113	1.03390169335762	9.84810304641724	0.093518028682018	-0.839	Thrombosis
174	7	0.00364875563663901	0.257655543918343	3.88107157265567	0.00306037198628071	0.110176645941761	9.3789729103446	22.0793316364288	0.243860037291711	-0.839	Non_thrombosis
175	3	2.2948148658107e-05	0.242843054551561	2.40457284414343	0.00134846502215424	0.0151851949652589	130.561965065775	97.1364104151726	0.806097910534037	1.235	Non_thrombosis
176	9	0.0234071116312691	0.285214899326877	5.20304786788531	0.00300022329163262	0.162946679876113	45.4101095944643	58.6507382392883	0.393853797396423	-0.829	Thrombosis
177	9	0.047605934391243	0.301573970216463	4.62814838704921	0.00324989351030921	0.213034663618286	0	0	0	-0.427	Non_thrombosis
178	8	0.0133443484446892	0.271161904522379	4.91456160805938	0.00314379274174652	0.0873137506666815	20.8509504310787	28.3732620477676	0.410772111357081	-0.091	Thrombosis
180	8	0.0359482748729246	0.293371094778247	4.15117420183155	0.00307109018125389	0.164060252176793	69.6596865977626	63.5823957324028	0.527645978758882	-0.622	Non_thrombosis
181	8	0.0152375707089831	0.293389338227612	4.17670240258098	0.00341197397126569	0.220387738970238	0	0	0	-0.866	Thrombosis
182	3	0	0.271964185675679	2.13789445715882	0.00130975343597038	0.0457160837014355	95.586734354496	78.3735778331757	0.76409844821269	-0.344	Thrombosis
183	1	0	0.201087992384093	1	0.000957291790593017	0.017184118321949	44.8915942907333	34.921612739563	0.740570729287732	0.749	Thrombosis
184	7	0.0492582010946267	0.302612388829483	3.45003251883167	0.00209690421343894	0.0972693611661584	79.1580696590245	77.3446664810181	0.558062458826206	-0.318	Non_thrombosis
185	9	0.033022385919016	0.29457443008215	4.65785014685718	0.00334813385229894	0.205824976312292	0	0	0	-0.866	Non_thrombosis
186	5	0.00166374077771276	0.265462444580543	3.44968228277624	0.0017583910039375	0.0567863568118138	69.9715782403946	61.6750857830048	0.743790228931558	0.092	Non_thrombosis
188	8	0.0193452893187842	0.288938484235241	4.12577024047494	0.0027937310170255	0.166309428447084	4.4362268447876	11.9612894058228	0.132514506401475	-0.785	Non_thrombosis
189	9	0.00493385196149301	0.272417123444639	3.30473329585506	0.00365728663590104	0.168987510756919	0	0	0	-0.454	Thrombosis
190	5	0	0.269897415013751	2.40854079248328	0.00225418422729747	0.104860905655371	67.3817099146545	50.6596212983131	0.625195869410257	-0.856	Thrombosis
191	2	0.00478468899521531	0.198160607774936	1.82261381925145	0.00152913521014112	0.0187490415611332	81.5732424948365	56.4587336778641	0.817377755097709	1.75	Non_thrombosis
193	4	0.00169816300069992	0.264848327243286	2.32788041951327	0.00163289976557776	0.0710607885163114	34.633806896396	39.7779356837273	0.651424523585924	0.317	Non_thrombosis
194	7	0.00742372609089762	0.25760633045556	4.22529990752754	0.00276542760497904	0.0523087178868609	12.4013888221234	38.7293930053711	0.367776054824191	-0.539	Non_thrombosis
195	5	0.00242102968343029	0.226999750166466	2.65803619483518	0.00293110582170558	0.0160912543731325	68.0220676138997	54.8324819207191	0.605609413643754	0.223	Non_thrombosis
196	3	0.000172111114935803	0.192339942744441	1.43687497667915	0.00153881051386809	0.00585126012908034	101.088020550087	77.1694374084473	0.752358754104	0.066	Non_thrombosis
197	3	0.00234071116312691	0.214683453231531	1.52222908501488	0.00183985860594335	0.00937374402132253	145.662581187615	98.7729284763336	0.933211092726268	0.72	Non_thrombosis
198	5	0.000573703716452675	0.227467956908671	3.9618562802187	0.00249258509097064	0.0335683017999292	8.81722301989794	29.9443597197533	0.361123489143189	-0.739	Thrombosis
199	8	0.0115199706263697	0.248040966695136	4.39030732675368	0.00245403707164521	0.0401515226412635	43.8267734199762	33.2883851528168	0.368789164592936	0.032	Non_thrombosis
200	10	0.0502908677842415	0.265719119865717	5.27435882959945	0.00261874725546877	0.0762568252221427	0	0	0	-0.657	Thrombosis
201	6	0.0295342673229837	0.288302754872063	4.0848842716273	0.00187889020831747	0.103339416341153	1.84272562712431	11.5268356800079	0.127701361340157	-0.644	Thrombosis
202	9	0.0256216079767765	0.301706040953285	5.30245149357544	0.00296821763400193	0.274173520381669	0	0	0	-0.756	Thrombosis
203	8	0.0322536229389694	0.30173332080933	5.56330495374058	0.00197982291125784	0.188465099585866	0	0	0	-0.756	Non_thrombosis
205	8	0.0380250823264833	0.317602727637876	5.10369353282696	0.00222574210316339	0.379682770172703	0	0	0	-0.446	Thrombosis
206	10	0.0458274528702397	0.318809256593807	6.02333598012928	0.00276928814680728	0.490957251367611	0	0	0	-0.839	Thrombosis
207	10	0.0485238603375673	0.313757263578739	5.04888496491568	0.00317221672857118	0.185691157100648	2.22710030525923	12.9654772281647	0.09906006974187	-0.633	Non_thrombosis
208	8	0.0817527795945062	0.322328113906058	4.78029105684027	0.00249355464251871	0.167568455008478	0	0	0	-0.801	Non_thrombosis
209	5	0.00170963707502897	0.296326750773538	3.22323283191494	0.00213341140274564	0.0552919941916871	58.0046398192644	52.8475272655487	0.43856141197282	-0.861	Thrombosis
210	4	0.00411919268413021	0.279292762160956	2.73714446018057	0.00165370976187474	0.0398593423424992	4.2888722717762	15.5076608657837	0.328865674176306	-0.854	Thrombosis
211	6	0.0285589710050142	0.276268952277439	3.36749725168205	0.00227211632166838	0.0416605691420113	48.3054136186838	40.4492700099945	0.382166531339114	-0.305	Non_thrombosis
212	14	0.060686379126364	0.28525877298713	7.02747270928578	0.00486375957662262	0.140310259698944	1.76304540038109	11.3530687093735	0.076238583818779	-0.829	Thrombosis
213	5	0.00306357784585729	0.252810600405153	3.40579766837138	0.00243065086884015	0.0382184936066047	116.469306051731	85.490336894989	0.709451601591584	-0.544	Non_thrombosis
215	7	0.0224088671646415	0.246269005349138	3.48696954482752	0.00261608609533383	0.0583724365908105	46.3232965804054	56.9672409892082	0.472749340170356	-0.075	Non_thrombosis
216	9	0.0401363120030292	0.265827639087397	4.49422269341209	0.00304409298802549	0.077939663650799	1.61509890435264	12.4428045749664	0.099770711988762	-0.853	Thrombosis
217	8	0.010728259497665	0.220470190405766	3.08459286905911	0.0040117621867324	0.0494643015581346	1.09085285663605	6.28288793563843	0.09096011372951	0.044	Non_thrombosis
218	6	0.00998244466627655	0.229480688795457	3.10471944086439	0.00290707171692746	0.0483655497650473	38.2481763362885	43.9247777462006	0.542080436211287	0.571	Non_thrombosis
219	4	0	0.180065414364246	2.11149042013876	0.00265599351724493	0.0270998835084776	111.886301960796	80.0920822620392	0.780852903012959	1.427	Non_thrombosis
221	7	0.00336190377841268	0.238184181241977	3.5072819722942	0.00257664372699747	0.0668101096001873	28.3110985159874	29.9337422847748	0.360995444823622	-0.733	Thrombosis
222	4	0.000149162966277696	0.226125285376435	2.52782159154321	0.00174601947010306	0.0157155145360821	176.995500296354	115.898028224707	0.836235277064156	0.789	Non_thrombosis
223	5	0.000745814831388478	0.215415159632312	2.66815364810653	0.00243788849888782	0.0102397420130107	110.850883270614	97.9884108304977	0.813168336048346	3.331	Non_thrombosis
224	4	0.00463552602893762	0.228361179925048	2.5589384775512	0.00174266394791923	0.0113159915493431	55.9026810154319	63.4158722162247	0.618269203628982	0.203	Non_thrombosis
225	6	0.00231776301446881	0.216676106961313	3.38852368993188	0.00219839150400608	0.0174500829689012	78.1581068336964	68.7527740001678	0.649579316341035	3.338	Non_thrombosis
226	9	0.0244283042465549	0.27637880262745	4.91153688223163	0.00304274557617132	0.0782350027699192	0	0	0	-0.853	Thrombosis
227	5	0.0019735407845972	0.240832227793211	3.26383338551159	0.00224251601164323	0.0296834868270867	107.63585424237	86.6902287006378	0.662338913554936	1.102	Non_thrombosis
228	8	0.0214794671439882	0.23666213767641	3.77553378408631	0.00276193206713651	0.0630389301023634	44.7618405893445	49.5983204841614	0.411597487877059	0.075	Thrombosis
229	3	0.000103266668961482	0.232254283473019	2.26903927443755	0.00139035985097364	0.0389062572780762	55.8825542568229	43.9465947151184	0.719692689764971	0.796	Non_thrombosis
231	2	1.14740743290535e-05	0.168565702603713	0.934317141012418	0.00101634693055988	0.00717970419918788	64.5326029483695	42.5353528857231	0.902032719451237	1.325	Non_thrombosis
232	3	0	0.18988167500327	1.66743199584947	0.00216402370674079	0.0242136837354368	107.367171034217	70.7523621320725	0.689795867525324	1.595	Non_thrombosis
233	4	0.00290294080525054	0.219446147571745	2.64665072667171	0.00127838386493343	0.0142603556268496	54.7212760150433	48.605966925621	0.703689819837289	0.987	Non_thrombosis
234	7	0.00173258522368708	0.22045395001415	3.86270401369735	0.00287917283090414	0.0494262391752157	11.307521097362	22.543145775795	0.28673550974046	-0.735	Thrombosis
235	4	0.000355696304200659	0.211828060781662	3.03497267054958	0.00148276769758345	0.0113274144715934	48.9262877702713	54.5593554973602	0.789879627312557	1.768	Non_thrombosis
236	4	0.0042683556504079	0.242387954493033	2.20580480657783	0.00145027546541402	0.0116163059322236	1.67413377761841	6.4002890586853	0.104814520391813	0.166	Thrombosis
237	4	0.000286851858226338	0.230150726074635	2.3819503492238	0.00208616573698362	0.0200500100278746	18.3425061143935	36.2338916063309	0.524573879899974	0.686	Non_thrombosis
238	9	0.0165341411081661	0.260265339528382	5.0784263139786	0.00305696240543236	0.0650967107522066	6.39237947762013	28.0560722351074	0.2504782808241	-0.144	Non_thrombosis
239	9	0.000894977797666173	0.260647675869693	4.08613047390657	0.00336809794894301	0.117223477143852	1.83068829774857	8.22726225852966	0.073451140599319	-0.865	Thrombosis
240	7	0.00952348169311441	0.217309041474512	4.16180550611172	0.00362900178905343	0.0415463536983381	42.4124590319116	57.7744048833847	0.441413491869845	-0.132	Non_thrombosis
242	5	0.0054042890089842	0.217848868334048	3.32912421999292	0.00263900537298163	0.00535629873206571	65.0334493080154	61.8048342466354	0.602562486561718	-0.602	Non_thrombosis
243	3	0.0142622743910135	0.225892028990642	2.1641263970386	0.00155648654884819	0.00379866643094012	5.16020603477955	9.79648125171661	0.20775063623617	0.643	Non_thrombosis
244	4	0.0047617408465572	0.225139860930946	2.73345879609466	0.0021022047217421	0.00414127126379729	117.780937366188	89.7148801088333	0.744509469625677	0.762	Thrombosis
245	8	0.0333092377772423	0.255297883399975	5.92862105378083	0.00241848272595697	0.0326235915872091	8.5602300465107	36.3501162528992	0.291467808368741	-0.749	Non_thrombosis
246	5	0	0.239984082133491	2.93520869470372	0.00244040074529726	0.050061262088988	73.5086636020569	73.6347454190254	0.531294385937627	1.435	Non_thrombosis
247	8	0.00706802978669696	0.240628730556776	4.74560819798593	0.0025606870163784	0.0228679169749067	21.602875828743	39.0455639362335	0.298319623610295	0.353	Thrombosis
248	7	0.00486500751551869	0.236372895230655	4.21834053380369	0.0030353935971564	0.0178434714064952	98.6317274272442	68.6810140609741	0.495551889036214	1.292	Thrombosis
249	5	0.00416508898144642	0.229905870860994	3.42447000657486	0.00201033137679575	0.00780927131176187	153.103329136968	111.388093113899	0.803694888804785	1.393	Non_thrombosis
250	6	0.000240955560910124	0.236052906528124	3.74518554751061	0.00242929665588954	0.0115608250310728	12.7957912134007	20.5396212637424	0.227550532479642	0.292	Non_thrombosis
251	3	0.00111298520991819	0.232401007064903	2.98716767291714	0.00135065268157299	0.00460868452888445	66.0856296420097	48.1582186222076	0.788664471483675	1.7	Thrombosis
252	3	0.00405034823815589	0.232274500653218	2.29492443857577	0.00108301410982377	0.00400928785120091	102.358227163553	73.9865280389786	0.721327172067647	1.441	Non_thrombosis
253	2	0	0.186764307643163	1.98709138374071	0.00155614247587981	0.00574342602788794	6.99629833549261	18.9531220197678	0.401932393590664	-0.217	Non_thrombosis
254	6	0.00886945945635836	0.26192578418313	3.97218965306226	0.00206367324747755	0.0232250094637107	3.31634169816971	17.4143195152283	0.210013501148435	-0.756	Non_thrombosis
256	9	0.0234185857055982	0.276936891656606	5.65595487818093	0.00259829262728161	0.0337268113295234	0.563001146540046	8.92102468013763	0.098832587522574	-0.276	Thrombosis
257	11	0.0630041421408328	0.275476389565236	5.74615545369233	0.00279153054527153	0.0520011459330492	0	0	0	-0.57	Thrombosis
258	9	0.0109921632072333	0.286755833021541	5.11485976443191	0.00334717413577045	0.111343432857933	10.6258627325878	21.3158143758774	0.207817240673466	-0.752	Non_thrombosis
259	7	0.00675822977981251	0.273406617519029	4.24078832461529	0.00240657029839424	0.0889806330504141	1.94254673924297	16.1772239208221	0.152843142805523	-0.525	Non_thrombosis
260	6	0.00652874829323144	0.258200102818805	3.81228385473333	0.00278100334837324	0.0729091781361668	23.2556325504556	44.1694093346596	0.545099461121308	-0.81	Non_thrombosis
261	10	0.0812593943983569	0.305028190087303	5.63899751571702	0.00314861785894876	0.141550947808321	0	0	0	-0.798	Thrombosis
262	5	0.000263903709568231	0.25681907131628	3.23902700961819	0.00206467756029811	0.0544944341666788	76.6166670322418	81.2283633947373	0.674083113929538	0.018	Non_thrombosis
264	3	0.00478468899521531	0.221833917830022	1.95180254639909	0.00179648392687021	0.0135516802886293	64.5370701551437	57.1941938400269	0.663952471965207	-0.3	Non_thrombosis
265	5	0.0127591706539075	0.28501104632075	2.3950727427498	0.00200860338745861	0.207318111727001	18.2362319817767	40.006275832653	0.464422416854183	-0.513	Non_thrombosis
266	9	0.0202976374880956	0.318176959384429	5.11474550316526	0.0036780110172928	0.349277501744953	6.30277287401259	18.9850103855133	0.180282510996546	-0.647	Non_thrombosis
267	7	0.0207680745355868	0.30827381841412	4.59588330846209	0.00217351746807871	0.120239825179895	3.09154435992241	8.59568619728088	0.103662399870729	-0.58	Thrombosis
268	11	0.0355696304200659	0.310674087157181	6.28487783681923	0.00344625995475937	0.153426625172628	0	0	0	-0.837	Non_thrombosis
269	8	0.0666643718518009	0.313265529789397	5.09953800708703	0.00237863913970799	0.0929271324687077	8.48512378334999	21.499055147171	0.238179729982839	-0.612	Non_thrombosis
270	9	0.0279737932142324	0.304110855739354	5.99106057615477	0.00242129571258494	0.0861803102353545	0	0	0	-0.284	Thrombosis
271	9	0.0367170378529712	0.300097227378411	6.23778572833505	0.00253101903038115	0.0708681993040528	1.37673477339558	16.7807323932648	0.159350588216023	-0.475	Thrombosis
272	10	0.0167636225947472	0.271447550283472	5.53805557370361	0.00306968092575113	0.064679613847892	0.077497556805611	4.21938753128052	0.039864964109527	-0.805	Thrombosis
273	7	0.00117035558156346	0.245873958703489	4.23158326586423	0.00303526339129758	0.0853963710487643	1.857386469841	8.5016975402832	0.104920369496275	-0.856	Non_thrombosis
274	6	0.00847934092917054	0.231200363958311	3.27478302961548	0.00309052983163236	0.0212145905999997	63.2259214672231	66.3630629777908	0.550721672485028	2.089	Non_thrombosis
275	3	0	0.201585024562263	2.15230446088303	0.00228961953948729	0.0179763655372999	98.6880097985268	67.2517749071121	0.829961432890437	1.973	Non_thrombosis
277	7	0.00571408901586864	0.238478990886776	3.89807256521367	0.00290447363019855	0.044480673937124	14.5070996880531	43.3059229254723	0.35937928769209	0.271	Non_thrombosis
278	5	0.000596651865110782	0.249254207044543	2.59620159824729	0.0023933208358536	0.0516270350864138	46.8615355528891	36.048125565052	0.52188446375649	1.727	Non_thrombosis
279	8	0.00471584454924099	0.293167751916483	4.75396256574528	0.00300260427756431	0.158785668342784	18.2201536297798	32.2981359958649	0.305154248746857	-0.805	Non_thrombosis
280	4	0	0.258648156556626	2.1256749766756	0.00192409413269109	0.050419776006984	19.7965914607048	38.4420537948608	0.629547414880711	0.656	Non_thrombosis
281	6	0.00507154085344165	0.248815437517321	2.39980712125398	0.00241670944487221	0.0420133177374075	105.248745717108	76.7103427052498	0.636589788594793	0.777	Non_thrombosis
282	10	0.0143081706883297	0.275454699088808	4.54015387382557	0.00320980696222486	0.109580799922168	8.31538425013423	25.4563049077988	0.282020571964446	-0.669	Non_thrombosis
283	10	0.0283639117414203	0.308914866105504	4.96360295238794	0.00317171373633445	0.259375012741342	10.48816421628	28.7307225465774	0.280108438593911	-0.719	Non_thrombosis
284	4	0.00729751127327803	0.270133632349131	2.55975432339083	0.00155359782768009	0.0583582967467763	135.236261829734	106.595104575157	0.884591994947446	1.292	Non_thrombosis
285	4	8.03185203033745e-05	0.235886430333808	2.7617488519691	0.00162016673174156	0.0273122174419624	99.178591735661	85.1419825553894	0.83008659993555	1.732	Non_thrombosis
286	5	0.00721719275297465	0.295994804763564	4.02096604408871	0.00136758008073076	0.0443033983521946	14.0971529791132	29.537159204483	0.279068415227254	-0.658	Non_thrombosis
287	5	0.000355696304200659	0.253738672464297	3.25603623060439	0.00284149984482011	0.0458252712864727	48.1633553504944	39.4991221427917	0.476352172489047	0.205	Non_thrombosis
288	7	0.0116002891466731	0.280592776885541	3.72819802082487	0.00302231036448194	0.121068821640791	26.3896307349205	44.9401046037674	0.554610694850887	0.06	Non_thrombosis
289	4	0.000103266668961482	0.223599386277558	2.25218571206312	0.00217635814666342	0.0404215916768805	98.6036142258454	86.8022155165672	0.846272940592447	0.71	Thrombosis
290	4	0.00207680745355868	0.247320446466835	2.77183490592281	0.001770616063815	0.0191361751570978	43.9846797771752	45.1707999706268	0.500429849891727	0.201	Non_thrombosis
291	6	0.0102234002271867	0.286405599939828	4.30064400595774	0.00207806451644397	0.045426792355656	18.7397252619267	34.843653678894	0.329204414872112	-0.296	Non_thrombosis
293	5	0.00220302227117827	0.229560875200389	3.54428346184063	0.00207094368002659	0.0125260728168126	94.0418517366634	70.6141968369484	0.688448833352329	3.355	Non_thrombosis
294	9	0.0150310373710601	0.262794744617331	5.37994426413027	0.00312156348237372	0.0342762161433436	34.7477557212114	63.5186159610748	0.426542765746062	-0.726	Non_thrombosis
295	8	0.0152949410806283	0.292787691657666	4.24682990102225	0.00311925960517419	0.0684156199273533	22.2882333546877	50.0958806276321	0.473308144476032	-0.138	Non_thrombosis
296	3	0	0.245302751426739	1.88522464873587	0.00145150047705519	0.0142823041539626	103.128365553916	71.1556842327118	0.826027770805319	1.377	Non_thrombosis
297	4	8.03185203033745e-05	0.229309954666147	2.79709150414474	0.00226807960184336	0.0112815294464744	66.2615495473146	63.7646123170853	0.621669224111195	1.004	Non_thrombosis
299	2	0.000252429635239177	0.204877972667599	1.87460327266343	0.00130635756636348	0.00209565365944203	109.804214641452	76.7262352705002	0.748037781714928	3.355	Thrombosis
300	3	0.000149162966277696	0.183553301422191	2.38517467821348	0.00197014776487685	0.00152771772981154	99.2988383327611	73.1779930591583	0.71344440927326	-0.197	Non_thrombosis
301	5	0.000757288905717531	0.202080509730665	2.87153335093719	0.00232800641704362	0.00447810112484559	64.9813719987869	58.5211898088455	0.522463974724092	0.782	Non_thrombosis
302	7	0.00309800006884445	0.211310787132604	4.26488704129783	0.00322628707483347	0.0043440032458371	69.3710013497403	62.1026836633682	0.554438743535115	0.486	Thrombosis
303	8	0.0129083336201852	0.243061708796531	4.61415522904266	0.00277114731509084	0.017795599876529	0	0	0	-0.576	Non_thrombosis
304	6	0.0137459410462061	0.22345758685769	4.06168143436999	0.00242904950764445	0.0112397374877515	19.1182527542114	25.157951593399	0.278715230805183	0.62	Non_thrombosis
305	7	0.0194600300620747	0.253673489666206	4.02568389199204	0.0023991053946157	0.0329218834640815	0.96251767873764	7.21419715881348	0.079923304515792	-0.154	Non_thrombosis
306	7	0.00541576308331325	0.239465249661972	4.70536027710951	0.00280451055205403	0.0302835619724006	45.0298956632614	40.9915492534637	0.369746258961103	0.228	Non_thrombosis
307	11	0.0342615859465538	0.281279597303061	5.94111533602942	0.00326910489211676	0.124727277782362	0	0	0	0.709	Thrombosis
308	8	0.000975296317969548	0.260804142887779	4.75327140843085	0.00319596182199504	0.109157539496634	0	0	0	-0.856	Non_thrombosis
309	9	0.00998244466627655	0.262215923572783	4.13219367828711	0.00300911970602568	0.100725133829418	94.5362562537193	82.2185524702072	0.59322885003216	-0.497	Non_thrombosis
310	11	0.069050979312244	0.306523082142357	6.0100118543365	0.00294834254705231	0.132356148965205	9.19574889540672	22.5154064893723	0.180536319012879	-0.801	Non_thrombosis
311	5	0.037313689718082	0.30150649765618	3.48544685356248	0.00176963474452348	0.0602823736168438	113.908410310745	94.0266890525818	0.678427714221882	0.356	Non_thrombosis
312	8	0.0144573336546074	0.306557816852463	4.66741780115949	0.00233328810767756	0.24615454443559	5.18224144060514	26.2483487129211	0.249255497857893	0.734	Non_thrombosis
313	4	0.00103266668961482	0.302010191406557	3.54710393677099	0.00135343973491536	0.0693138684594932	108.619208827615	77.8631836175919	0.759122390734053	-0.571	Non_thrombosis
314	7	0.0152146225603249	0.305213767160723	3.874574772809	0.00276693343471004	0.445302454136024	14.7935861647129	22.9161305427551	0.266027379707403	-0.629	Non_thrombosis
315	4	0	0.301720229142839	2.44886930980298	0.00146782669941297	0.242226227006472	47.3582530021668	36.0427393913269	0.764346079765177	0.054	Non_thrombosis
316	8	0.0415246749968446	0.31851784371512	4.42298908947468	0.00256850847369367	0.555644553295208	23.1163545697927	43.7929733991623	0.351147212014387	-0.586	Non_thrombosis
318	6	0.00340780007572889	0.321428488705282	4.85163327815105	0.0019318401176828	0.30049064250758	1.91968035697937	10.5089700222015	0.099289223769407	0.112	Non_thrombosis
319	6	0.00239808153477218	0.262742608774865	3.97092348064357	0.00277782805555591	0.105767251545575	57.7496503293514	48.0794640779495	0.39899307959992	-0.675	Thrombosis
320	4	0.00461257788027951	0.251356884959682	2.54812301613588	0.00133882487529726	0.0719368263792144	121.693137049675	83.9835216999054	0.818792256019357	-0.042	Non_thrombosis
322	9	0.0172914300138836	0.306240414802462	5.28513368635359	0.00263721004465695	0.238212366658898	0	0	0	-0.755	Non_thrombosis
324	4	0	0.250093681956317	2.72396560052073	0.00163062524818353	0.100041485140059	105.883904697839	70.417599260807	0.817459534963282	0.542	Non_thrombosis
325	5	0.00798595573302124	0.298011999697478	2.2590459408962	0.00205271483633638	0.297504824501504	47.0988619476557	54.9001380205154	0.49013604160803	-0.688	Thrombosis
326	2	5.73703716452675e-05	0.240255537462744	1.27883579246855	0.000814593136104701	0.0200978095540193	33.4916328936815	31.5825649499893	0.669760681793857	-0.803	Thrombosis
327	10	0.0105561483827292	0.293920043454999	5.20946610508446	0.00347495967710664	0.22314324126053	0	0	0	-0.854	Thrombosis
328	5	0.00137688891948642	0.248204335773909	2.26733551713904	0.0018660146814645	0.0756060696016422	70.3438664078712	59.1049406528473	0.654800813755731	0.625	Non_thrombosis
329	8	0.0016293185547256	0.253166274596475	3.4999704900404	0.00356574130446071	0.137664186953393	1.59406989812851	7.20925068855286	0.083690310052621	-0.529	Non_thrombosis
330	9	0.0429704083623054	0.296082337422795	4.69672115086778	0.00286891401101677	0.141944187764497	0	0	0	-0.459	Non_thrombosis
331	7	0.0101660298555414	0.2444630219035	4.15265186318047	0.00281895011135825	0.112979810772968	5.92507654428482	12.5441303253174	0.100583176911312	-0.853	Non_thrombosis
332	5	0.000206533337922963	0.231364119359831	2.73139489414387	0.00249196686191503	0.0548924579041021	25.9795757797765	28.5995277911425	0.414047859382718	0.422	Non_thrombosis
333	5	0.00478468899521531	0.20990869587387	3.28759811749138	0.0026432929161461	0.0392599624599481	50.0493113994598	52.6050372123718	0.649204457760975	0.106	Non_thrombosis
335	4	9.1792594632428e-05	0.208782947059304	2.66990526937898	0.00232931492476745	0.0668870345723598	103.790984630585	79.5698618888855	0.660319844391674	0.989	Non_thrombosis
336	7	0.00208828152788774	0.244792722139652	4.25883548964744	0.00225206878638859	0.0712176059029596	4.35750292241573	18.4095504283905	0.266523104952594	-0.454	Thrombosis
337	7	0.00182437781831951	0.217563611244409	3.31977256973767	0.00337785202086795	0.114830050692044	90.658094859682	73.2902556955814	0.608207794854703	0.155	Non_thrombosis
338	10	0.0213876745493557	0.268520547355003	5.33150943986822	0.00287723811231036	0.0969397476648647	14.7362683713436	26.4618054628372	0.250012334071892	-0.855	Non_thrombosis
339	6	0.00416508898144642	0.241515272947826	3.50344922963106	0.00259882867331671	0.0678061994518022	66.9470328483731	64.2127056121826	0.792455949798625	-0.719	Thrombosis
340	4	0	0.224924549806967	2.53302810175046	0.00218895067394211	0.113572094382352	7.31534506380558	17.6914230585098	0.375175974096275	-0.854	Thrombosis
341	10	0.0247495783277684	0.259466178883555	5.52263123371038	0.00296989269558482	0.104994501869875	0.921667146263644	10.1274573802948	0.096170789978775	-0.156	Non_thrombosis
343	6	0.00577145938751391	0.222335234369088	3.51405978783305	0.00281358687395543	0.0363868340389249	15.1670951992273	23.9381892681122	0.39202445454878	-0.15	Non_thrombosis
344	7	0.00956937799043062	0.213174946386942	4.00292633249157	0.0026993204021349	0.0206727244564544	82.8701438745484	79.6054073572159	0.776108095517363	0.315	Non_thrombosis
346	4	0.00230628894013975	0.209433381955094	2.17735183943061	0.00209739606529523	0.00364780309476206	150.515582382679	112.941072940826	0.814900053687553	0.432	Non_thrombosis
348	4	0.0113363854371049	0.23411976347867	2.29411763617752	0.00178228453253453	0.011376951579884	49.9414116805419	57.8530737161636	0.671601236518349	0.46	Non_thrombosis
349	6	0.00318979266347687	0.236532171857293	4.07326778933978	0.00224623582067969	0.0498893756813097	12.6858046501875	48.5197370052338	0.45841666829079	-0.355	Non_thrombosis
350	12	0.0412492972129473	0.269345016640091	5.43204994150801	0.00361540128332552	0.0775995719151003	46.4428079240024	43.2977873086929	0.330807864221973	0.281	Non_thrombosis
351	7	0.0034536963730451	0.264582667515874	3.73846822944859	0.00234463319275032	0.0818107094872151	0	0	0	-0.591	Thrombosis
352	7	0.00385528897456198	0.25654859042421	4.40570847488005	0.0023653523267806	0.0545440392799867	22.549730467028	34.3493377864361	0.497290370860337	-0.867	Non_thrombosis
353	7	0.0131837114040825	0.276803963446865	4.85266594782527	0.0031891701436291	0.115971528870361	19.3640051335096	25.6658658981323	0.297948339928633	0.125	Thrombosis
355	10	0.0479272084724565	0.309686660686054	5.14379130681016	0.00323696291392072	0.295319626648327	13.3970433287323	33.1644792556763	0.265924268772361	0.01	Non_thrombosis
356	12	0.0219154819684922	0.337021957392909	5.27258055697044	0.00413916045875883	1	0.002576095750555	3.1873185634613	0.028749806641122	-0.864	Thrombosis
357	8	0.0187256893050153	0.316779936064477	5.38865637553359	0.00266164804742547	0.265824383110951	20.5946273934096	40.5735167860985	0.336704094422487	-0.861	Non_thrombosis
358	6	0.00624189643500511	0.31259904572038	3.8482722679978	0.00197242509718072	0.31223349540851	0	0	0	-0.757	Thrombosis
359	8	0.0116576595183184	0.304061028216307	4.43252655688213	0.00253601975665853	0.154929072094759	3.991771132758	15.2843735814095	0.122555395395942	-0.696	Non_thrombosis
360	7	0.0258969857606738	0.314598931632987	4.88268584339959	0.00214196020347785	0.174826381607377	0	0	0	-0.655	Non_thrombosis
361	6	0.00679265200279967	0.294761506032751	3.74091997518585	0.00226877930163324	0.0726301685035991	34.512704834342	35.5731818675995	0.346818581140679	-0.716	Non_thrombosis
362	9	0.0243135635032644	0.30063972304367	5.21815999997117	0.00233400482601323	0.0991879515760452	1.06204128265381	5.13130235671997	0.056847717326066	-0.866	Non_thrombosis
364	8	0.00127362225052494	0.247304247988274	3.97955684659643	0.00355620810690714	0.10989162425438	10.8002201318741	18.5082578659058	0.180445138597112	-0.861	Thrombosis
365	7	0.00903009649696511	0.244406802450291	3.97397010409768	0.00382920595165173	0.0627578565931108	16.9343801836949	28.6897696554661	0.27970917086347	-0.79	Non_thrombosis
367	5	0.000894977797666173	0.28592647102649	3.51355823587085	0.001763441265248	0.0603726977487495	0.073656477034092	2.8457510471344	0.041199181259456	-0.844	Thrombosis
368	7	0.00471584454924099	0.281241895264515	4.62300215961394	0.00292779416608912	0.0871034776036455	26.42068687547	33.7555074691772	0.329097274731181	-0.79	Non_thrombosis
369	4	0.00159489633173844	0.254307547653984	2.43727462890309	0.00186532227297169	0.0422630121719215	20.7295741438866	30.6669253110886	0.502217796555829	-0.839	Non_thrombosis
371	3	0.00483058529253153	0.206388209511955	2.97323422167805	0.00192333032238692	0.00802599571310107	57.4454680681229	50.4883149862289	0.826823362530975	-0.728	Thrombosis
374	3	0.000172111114935803	0.193277650813732	1.56520658360512	0.00154815608050922	0.011605513697667	58.7181679531932	49.8080834150314	0.815683530370788	0.443	Thrombosis
375	6	0.00468142232625383	0.196158824336366	3.41902644704366	0.00247542040150299	0.0145448945982051	46.7804550603032	59.4230370521545	0.65832488092877	-0.249	Non_thrombosis
376	2	0	0.182885439020026	1.42593702422214	0.00104882041064857	0.00148869606573487	137.018793076277	84.9256266355514	0.940858222941056	0.802	Non_thrombosis
377	5	0.0134131928906635	0.200727874891066	3.60168589218132	0.0024655654791853	0.00535681248119585	90.9424217520937	92.734370559454	0.880609746355456	0.019	Non_thrombosis
378	2	0.00478468899521531	0.177675573840855	1.99949799557121	0.0017897005995677	0.000538490911308632	103.334356784821	60.5550136566162	0.991680946835501	0.59	Thrombosis
380	6	0.0133672965933473	0.2022079889191	3.43005411523905	0.00301715109180234	0.00270971969279764	96.0007452964783	109.140761375427	0.78747978913689	-0.863	Thrombosis
382	6	0.00378644452858766	0.199841865961906	2.48243925505789	0.00238675602742566	0.0016349704182884	33.5951533578336	61.50690305233	0.581120000116495	0.53	Non_thrombosis
384	4	0.00477321492088626	0.186449870635725	1.5064766035491	0.00247262586068723	0.000649414747327607	118.721080780029	74.8316521048546	0.923505517769401	1.174	Non_thrombosis
386	7	0.0114052298830792	0.210557186666915	3.26077882262137	0.00289794954730303	0.00254428081375078	49.7928795218468	67.3160998821259	0.485703668113033	-0.479	Non_thrombosis
387	5	0.0022948148658107	0.222618550510036	3.70587764683203	0.00192860202900669	0.00502226977727189	47.6727158427238	38.781791806221	0.42964849559316	0.297	Non_thrombosis
389	8	0.0136197262285865	0.268237517195377	4.76342203767536	0.00266375170895133	0.0355381296318697	0	0	0	-0.749	Thrombosis
390	3	0	0.235498074079346	2.69273041305041	0.00164032158088283	0.020143245594673	82.3538188319653	84.6780409812927	0.70271066854735	1.097	Non_thrombosis
391	7	0.0166259337027985	0.275354482193234	4.36438301667649	0.00236143674761553	0.0588487108644893	0	0	0	-0.811	Non_thrombosis
393	8	0.0173258522368708	0.267333226701004	4.58511628841063	0.00331207679267126	0.0657471972004912	44.4170806109905	65.3355166912079	0.471413230572588	-0.349	Thrombosis
394	7	0.00231776301446881	0.256751222851472	4.20276136538768	0.00273817584232497	0.0885600930804368	17.1302395910025	37.9374625682831	0.468190331584389	-0.856	Thrombosis
395	10	0.0421213268619554	0.302966946549678	6.06000332280858	0.00254593844892764	0.0931706570131696	0	0	0	-0.801	Thrombosis
396	10	0.0635778458572855	0.325952868446974	5.33428427930616	0.0025968636893201	0.14714673617331	0	0	0	-0.657	Thrombosis
397	9	0.0291785710187831	0.321957220186045	5.7224446138186	0.00229913942959084	0.146360326894545	0	0	0	-0.499	Non_thrombosis
398	9	0.032173304418666	0.318986148261006	6.13548130804632	0.00268892130356837	0.170465309317073	7.50515493750572	23.3180181980133	0.186971937376825	0.052	Non_thrombosis
399	7	0.0373710600897273	0.332871766326556	4.64249754875279	0.00204354500101441	0.272380470268242	0	0	0	-0.812	Non_thrombosis
400	11	0.0831870388856379	0.325378641718937	6.41541935985967	0.00305411171009166	0.297581299940004	21.4100638376549	41.8754152059555	0.302142322637581	-0.763	Non_thrombosis
401	11	0.0181749337372208	0.314536949429205	4.9356937239405	0.00435734057648528	0.517800586282681	1.82144511304796	13.8297553658485	0.134832361956211	-0.752	Non_thrombosis
402	5	0.0159719114660425	0.29740498053013	2.7637960699181	0.00178984987805569	0.148795314068395	50.182127777487	46.0104809999466	0.509732351767555	-0.202	Non_thrombosis
403	6	0.00549608160361663	0.258225738662792	3.35640942105193	0.00271636773993446	0.213744200417588	46.43845745828	52.8336520195007	0.652025817839081	0.521	Non_thrombosis
404	9	0.016522667033837	0.291851537439622	3.94197552264527	0.00275839054856499	0.285126440504247	3.66927340626717	18.6617496013641	0.176317053734473	-0.53	Non_thrombosis
405	5	0.00203091115624247	0.281529462456614	2.74763680946567	0.00174374238222345	0.149375527061541	36.4506742954254	69.4486713409424	0.76704113430316	-0.866	Non_thrombosis
406	7	0.027227978382844	0.316298559194889	4.46448134551875	0.00229202484503154	0.254671476989724	0.256767630577087	4.50828790664673	0.054369125743448	-0.068	Non_thrombosis
407	6	0.0436932750450357	0.336858699872326	4.18324427652478	0.00161000330028804	0.25508549658052	14.8963435590267	28.2291524410248	0.268065298992705	-0.184	Non_thrombosis
408	11	0.0331486007366356	0.333718396196343	6.29817123617222	0.00393128497723076	0.751488570321787	0	0	0	-0.244	Thrombosis
409	10	0.078700675822978	0.347386350089781	5.40010938870167	0.00280906793085778	0.586792672067666	0	0	0	-0.853	Thrombosis
410	9	0.00741225201656856	0.331048809622911	5.20268568034846	0.00305166695630578	0.393832554761334	0	0	0	-0.127	Non_thrombosis
412	12	0.0537560382316157	0.31520855436848	5.18502959731766	0.00385774116660351	0.416062220351624	3.36964103579521	14.9434729814529	0.107821155030506	-0.764	Thrombosis
413	8	0.0505432974194807	0.309019908500992	5.84898910465524	0.00193619096267035	0.127184830823116	0.461046189069748	8.28016471862793	0.091732747481033	-0.587	Thrombosis
414	9	0.0350877192982456	0.277737002940877	4.25134656075813	0.00304429555460147	0.214223206242651	0	0	0	0.015	Non_thrombosis
415	6	0.00562229642123622	0.249651971770662	3.36773279957781	0.00287115356986829	0.122076008486603	42.4573469031602	45.7454971075058	0.505246210087207	0.157	Non_thrombosis
416	8	0.0479960529184308	0.273414279604903	4.38028400548498	0.00213251175490192	0.0609928777292625	16.3280107975006	27.8473107814789	0.343666676310982	-0.765	Thrombosis
417	6	0.0125870595389717	0.233018233497816	3.3292150047474	0.00282206410233017	0.0471428523843047	21.3198244273663	20.5957211256027	0.261965417522294	-0.731	Thrombosis
418	1	0	0.171804498276184	1	0.0013236618315681	0.000604541620294275	125.374087870121	85.1322631835938	0.94314746946284	1.773	Non_thrombosis
154	2	0.00181290374399045	0.219012971788686	1.99999654853981	0.00106635456748855	0.0107252947219233	44.777179479599	38.3240308761597	0.812724650114721	-0.549	Thrombosis
6	3	2.2948148658107e-05	0.180025196323589	2.29000000349001	0.00235991175110667	0.0111954939078128	110.377228885889	72.3159892559052	0.839497449048143	-0.696	Non_thrombosis
21	4	0.00408477046114305	0.21616573405952	2.8339866267459	0.00179949999427145	0.0222145374421056	26.1002733111382	44.6728311777115	0.568212047541484	-0.85	Thrombosis
230	4	0.00477321492088626	0.212621375253436	2.0607925924088	0.0027118973110962	0.0456029096509081	76.1813870854676	56.0972139835358	0.651217919058482	3.351	Non_thrombosis
354	5	0.00154900003442222	0.286565704790826	4.22674184792556	0.00217070391479157	0.17938593253005	0	0	0	-0.757	Thrombosis
317	1	0	0.206943654371085	1	0.00085521440748565	0.0216601034570366	47.314716219902	47.5788757801056	0.688820172572577	-0.701	Non_thrombosis
342	2	8.03185203033745e-05	0.208417945808575	1.99437279219676	0.000952477306515496	0.0115687656963579	113.977741862182	89.3713824748993	0.990111035129169	0.298	Non_thrombosis
214	3	0	0.250147019147645	1.89536998761658	0.00200446180165864	0.0258487383139165	45.679051220417	49.8198449611664	0.721263662518877	-0.299	Thrombosis
366	3	0.000160637040606749	0.242003012802742	2.18034399774844	0.00137891174558794	0.0432782256904616	0	0	0	-0.854	Thrombosis
388	4	1.14740743290535e-05	0.211618032594337	3.25231441919595	0.00195825145344289	0.00956411845159713	72.5547416210175	57.5584926605225	0.69414487048387	0.465	Thrombosis
24	1	0	0.157747850281115	1	0.00143974666262048	0.00297594435252136	192.294459223747	119.423581123352	0.861673084334587	-0.83	Thrombosis
28	3	0.00478468899521531	0.228006205788437	2.47585885830646	0.00207676621151548	0.00452210761273967	175.957484910265	108.37119525671	0.899331092070754	0.091	Non_thrombosis
411	3	0	0.292713810434451	2.32229314145907	0.00130361779315424	0.205658022877084	0	0	0	-0.708	Thrombosis
124	2	0.00736635571925235	0.227338841417774	1.99930810656694	0.00161967049094546	0.00424711260929529	86.4214961035177	79.9004063606262	1.15675309253437	-0.541	Thrombosis
187	2	0.000768762980046585	0.265898324893649	1.98892194051201	0.000912530691427674	0.0323817060506566	84.7245939597488	70.3789107203484	0.817010409792533	-0.093	Non_thrombosis
192	1	0	0.177948795410303	1	0.000805133985051079	0.00164579224335632	178.292392015457	110.820925951004	1.08044190261289	1.993	Non_thrombosis
373	3	0.00655169644188955	0.221765366019643	2.106537305675	0.00142018784498793	0.0170746540348038	42.5635072737932	37.3087322711945	0.449936472156228	-0.686	Non_thrombosis
372	2	0.000527807419136461	0.199169116156163	1.99472207359748	0.00113390841346158	0.00575163236988894	102.116781890392	69.4314775466919	1.00518983606752	-0.26	Non_thrombosis
298	7	0.00251282227806272	0.257168654459936	3.3764269883666	0.00275051255739069	0.0434546135707266	9.28117656707764	12.5104713439941	0.118199498724459	0.476	Non_thrombosis
263	1	0	0.19558780829493	1	0.000755647501270765	0.00125542685453869	69.0160520076752	47.0333392620087	0.997419982229004	-0.692	Non_thrombosis
276	2	0	0.212699431825635	1.05214488569097	0.00116891844555302	0.00475485500113218	133.558064199984	85.3271737098694	0.831892109874909	1.692	Non_thrombosis
334	1	0	0.186621003388211	1	0.000652456722374653	0.00357427897631652	138.460198917892	97.7741708755493	0.95324335454372	0.971	Non_thrombosis
345	2	0	0.190696783918115	1.35950295813913	0.00112343008131275	0.0024418984930912	90.6736464500427	50.1339094638824	1.0631727168674	1.006	Non_thrombosis
347	2	0	0.202816257138566	1.37069235352025	0.0012749130843901	0.00159025119202241	101.434467297047	87.5601902604103	1.01646340066878	1.163	Non_thrombosis
379	1	0	0.158764665719709	1	0.0011306700780759	5.52856273128411e-05	92.7803239822388	51.6249570846558	1.09479285515122	-0.854	Thrombosis
381	1	0	0.180232377691386	1	0.000703242681112177	0.00025022878577867	110.996267318726	68.5255695581436	0.99207461031291	-0.844	Thrombosis
419	2	0.00478468899521531	0.207217314599464	1.83597524764092	0.00174929732248072	0.00396847136551404	194.843372683972	131.003703713417	1.08714962169439	1.39	Non_thrombosis
370	1	0	0.180549055001395	1	0.000904965039280039	0.000852315092558522	95.0142032857984	61.3000383079052	1.00388186476107	-0.378	Non_thrombosis
56	2	0	0.251138994481037	1.41676287922938	0.00101402004556157	0.1384622562914	87.1778176501393	61.1821112632751	0.885760156114186	0.062	Non_thrombosis
