model_name,iteration,F1,ROC,acc-class-1,acc-class-2,SEN,SPE,MCC,TPR,FPR,THRESH
RandomForest,0,0.33333,0.5,,0.5,0.0,1.0,0.0,[0.   0.25 0.75 1.  ],[0.   0.25 0.5  1.  ],[1.4 0.4 0.2 0. ]
DecisionTree,0,0.61905,0.625,0.6,0.6666666666666666,0.75,0.5,0.2582,[0.   0.   0.75 0.75 1.  ],[0.   0.5  0.5  0.75 1.  ],[1.83333333 0.83333333 0.71428571 0.4        0.        ]
KNN,0,0.56364,0.625,1.0,0.5714285714285714,0.25,1.0,0.37796,[0.   0.25 0.25 1.   1.  ],[0.   0.   0.25 0.75 1.  ],[1.66666667 0.66666667 0.5        0.33333333 0.        ]
OneClassSVM,0,0.56364,0.625,0.5714285714285714,1.0,1.0,0.25,0.37796,[],[],[]
LocalOutlierFactor,0,0.61905,0.625,0.6,0.6666666666666666,0.75,0.5,0.2582,[],[],[]
IsolationForest,0,0.33333,0.5,,0.5,0.0,1.0,0.0,[],[],[]
Xgboost,0,0.46667,0.5,0.5,0.5,0.25,0.75,0.0,[0.   0.25 0.25 0.5  0.5  1.   1.  ],[0.   0.   0.5  0.5  0.75 0.75 1.  ],"[1.7925017  0.79250175 0.16315462 0.11116038 0.10860965 0.02895934
 0.00324935]"
RandomForest,1,0.36508,0.375,0.3333333333333333,0.4,0.25,0.5,-0.2582,[0.   0.25 0.25 0.5  1.  ],[0.   0.25 0.5  0.75 1.  ],[2.         1.         0.66666667 0.33333333 0.        ]
DecisionTree,1,0.56364,0.625,1.0,0.5714285714285714,0.25,1.0,0.37796,[0.   0.25 1.  ],[0. 0. 1.],[2. 1. 0.]
KNN,1,0.56364,0.625,1.0,0.5714285714285714,0.25,1.0,0.37796,[0.   0.25 0.25 0.75 0.75 1.   1.  ],[0.   0.   0.5  0.5  0.75 0.75 1.  ],"[1.75057101 0.75057101 0.33158327 0.29833542 0.29004533 0.14697965
 0.        ]"
OneClassSVM,1,0.56364,0.625,0.5714285714285714,1.0,1.0,0.25,0.37796,[],[],[]
LocalOutlierFactor,1,0.61905,0.625,0.6,0.6666666666666666,0.75,0.5,0.2582,[],[],[]
IsolationForest,1,0.33333,0.5,0.5,,1.0,0.0,0.0,[],[],[]
Xgboost,1,0.46667,0.5,0.5,0.5,0.25,0.75,0.0,[0.   0.25 0.25 1.   1.  ],[0.   0.   0.75 0.75 1.  ],[1.8208661  0.8208661  0.10871149 0.01388475 0.00287656]
RandomForest,2,0.56364,0.625,1.0,0.5714285714285714,0.25,1.0,0.37796,[0.   0.25 1.   1.  ],[0.  0.  0.5 1. ],[1.73529412 0.73529412 0.29461615 0.        ]
DecisionTree,2,0.56364,0.625,1.0,0.5714285714285714,0.25,1.0,0.37796,[0.   0.25 1.  ],[0. 0. 1.],[2. 1. 0.]
KNN,2,0.56364,0.625,1.0,0.5714285714285714,0.25,1.0,0.37796,[0.   0.25 0.25 0.5  0.5  1.   1.  ],[0.   0.   0.5  0.5  0.75 0.75 1.  ],"[1.72739073 0.72739073 0.35943002 0.33734996 0.32435093 0.24197494
 0.        ]"
OneClassSVM,2,0.56364,0.625,0.5714285714285714,1.0,1.0,0.25,0.37796,[],[],[]
LocalOutlierFactor,2,0.46667,0.5,0.5,0.5,0.25,0.75,0.0,[],[],[]
IsolationForest,2,0.87302,0.875,1.0,0.8,0.75,1.0,0.7746,[],[],[]
Xgboost,2,0.46667,0.5,0.5,0.5,0.25,0.75,0.0,[0.   0.25 0.25 1.   1.  ],[0.   0.   0.75 0.75 1.  ],[1.7914478  0.79144776 0.10197218 0.09167889 0.00679551]
RandomForest,3,0.56364,0.625,1.0,0.5714285714285714,0.25,1.0,0.37796,[0.   0.25 0.5  0.5  0.75 1.   1.  ],[0.   0.   0.   0.25 0.75 0.75 1.  ],"[1.6        0.6        0.4        0.33333333 0.26666667 0.13333333
 0.        ]"
DecisionTree,3,0.36508,0.375,0.3333333333333333,0.4,0.25,0.5,-0.2582,[0.   0.   0.25 1.   1.  ],[0.   0.5  0.5  0.75 1.  ],[1.8        0.8        0.71428571 0.11111111 0.        ]
KNN,3,0.56364,0.625,1.0,0.5714285714285714,0.25,1.0,0.37796,[0.   0.25 1.   1.  ],[0.   0.   0.75 1.  ],[1.66666667 0.66666667 0.33333333 0.        ]
OneClassSVM,3,0.56364,0.625,0.5714285714285714,1.0,1.0,0.25,0.37796,[],[],[]
LocalOutlierFactor,3,0.61905,0.625,0.6,0.6666666666666666,0.75,0.5,0.2582,[],[],[]
IsolationForest,3,0.87302,0.875,1.0,0.8,0.75,1.0,0.7746,[],[],[]
Xgboost,3,0.46667,0.5,0.5,0.5,0.25,0.75,0.0,[0.   0.25 0.25 0.5  0.5  1.   1.  ],[0.   0.   0.25 0.25 0.5  0.5  1.  ],"[1.78876    0.78876    0.74540204 0.13102248 0.12647058 0.09866051
 0.00458781]"
RandomForest,4,0.56364,0.625,1.0,0.5714285714285714,0.25,1.0,0.37796,[0.   0.25 0.75 0.75 1.   1.  ],[0.   0.   0.   0.25 0.25 1.  ],[1.64444444 0.64444444 0.40123457 0.25513539 0.16552028 0.        ]
DecisionTree,4,0.36508,0.375,0.3333333333333333,0.4,0.25,0.5,-0.2582,[0.   0.   0.25 1.   1.  ],[0.   0.5  0.5  0.75 1.  ],[1.8        0.8        0.71428571 0.11111111 0.        ]
KNN,4,0.56364,0.625,1.0,0.5714285714285714,0.25,1.0,0.37796,[0.   0.25 1.   1.  ],[0.   0.   0.75 1.  ],[1.66666667 0.66666667 0.33333333 0.        ]
OneClassSVM,4,0.56364,0.625,0.5714285714285714,1.0,1.0,0.25,0.37796,[],[],[]
LocalOutlierFactor,4,0.46667,0.5,0.5,0.5,0.75,0.25,0.0,[],[],[]
IsolationForest,4,0.33333,0.5,0.5,,1.0,0.0,0.0,[],[],[]
Xgboost,4,0.46667,0.5,0.5,0.5,0.25,0.75,0.0,[0.   0.   0.25 0.25 1.   1.  ],[0.   0.25 0.25 0.5  0.5  1.  ],[1.7955438  0.7955438  0.77072906 0.15174055 0.10260387 0.00506496]
RandomForest,5,0.56364,0.625,1.0,0.5714285714285714,0.25,1.0,0.37796,[0.   0.25 0.25 1.   1.  ],[0.   0.   0.75 0.75 1.  ],[1.68       0.68       0.35301587 0.025      0.00350877]
DecisionTree,5,0.46667,0.5,0.5,0.5,0.75,0.25,0.0,[0.   0.75 1.   1.  ],[0.   0.75 0.75 1.  ],[1.71428571 0.71428571 0.11111111 0.        ]
KNN,5,0.56364,0.625,1.0,0.5714285714285714,0.25,1.0,0.37796,[0.   0.25 0.25 1.   1.  ],[0.   0.   0.75 0.75 1.  ],[1.71669242 0.71669242 0.35168446 0.1991372  0.        ]
OneClassSVM,5,0.56364,0.625,0.5714285714285714,1.0,1.0,0.25,0.37796,[],[],[]
LocalOutlierFactor,5,0.5,0.5,0.5,0.5,0.5,0.5,0.0,[],[],[]
IsolationForest,5,0.56364,0.625,0.5714285714285714,1.0,1.0,0.25,0.37796,[],[],[]
Xgboost,5,0.46667,0.5,0.5,0.5,0.25,0.75,0.0,[0.   0.25 0.25 0.75 0.75 1.   1.  ],[0.   0.   0.25 0.25 0.75 0.75 1.  ],"[1.7469342  0.74693424 0.70683175 0.18870334 0.0721418  0.06944762
 0.00691648]"
RandomForest,6,0.56364,0.625,1.0,0.5714285714285714,0.25,1.0,0.37796,[0.   0.25 0.5  1.   1.  ],[0.   0.   0.25 0.5  1.  ],[2.  1.  0.4 0.2 0. ]
DecisionTree,6,0.36508,0.375,0.3333333333333333,0.4,0.25,0.5,-0.2582,[0.   0.   0.25 0.75 1.  ],[0.   0.5  0.5  0.75 1.  ],[1.8        0.8        0.71428571 0.25       0.        ]
KNN,6,0.56364,0.625,1.0,0.5714285714285714,0.25,1.0,0.37796,[0.   0.25 1.   1.  ],[0.   0.   0.75 1.  ],[1.66666667 0.66666667 0.33333333 0.        ]
OneClassSVM,6,0.56364,0.625,0.5714285714285714,1.0,1.0,0.25,0.37796,[],[],[]
LocalOutlierFactor,6,0.75,0.75,0.75,0.75,0.75,0.75,0.5,[],[],[]
IsolationForest,6,0.33333,0.5,0.5,,1.0,0.0,0.0,[],[],[]
Xgboost,6,0.46667,0.5,0.5,0.5,0.25,0.75,0.0,[0.   0.25 0.25 0.75 0.75 1.   1.  ],[0.   0.   0.5  0.5  0.75 0.75 1.  ],"[1.8036213  0.8036213  0.1180943  0.0931612  0.05177193 0.02524536
 0.00482865]"
RandomForest,7,0.27273,0.375,0.0,0.42857142857142855,0.0,0.75,-0.37796,[0.   0.   0.25 0.5  1.  ],[0.   0.25 0.25 0.5  1.  ],[1.57142857 0.57142857 0.42857143 0.28571429 0.        ]
DecisionTree,7,0.56364,0.625,1.0,0.5714285714285714,0.25,1.0,0.37796,[0.   0.25 1.  ],[0. 0. 1.],[2. 1. 0.]
KNN,7,0.46667,0.5,0.5,0.5,0.25,0.75,0.0,[0.   0.25 0.75 1.   1.  ],[0.   0.25 0.5  0.75 1.  ],[1.57142857 0.57142857 0.42857143 0.28571429 0.        ]
OneClassSVM,7,0.56364,0.625,0.5714285714285714,1.0,1.0,0.25,0.37796,[],[],[]
LocalOutlierFactor,7,0.46667,0.5,0.5,0.5,0.75,0.25,0.0,[],[],[]
IsolationForest,7,0.73333,0.75,1.0,0.6666666666666666,0.5,1.0,0.57735,[],[],[]
Xgboost,7,0.46667,0.5,0.5,0.5,0.25,0.75,0.0,[0.   0.25 0.25 0.5  0.5  1.   1.  ],[0.   0.   0.5  0.5  0.75 0.75 1.  ],"[1.8006837  0.80068374 0.31783587 0.12860924 0.11523776 0.01031023
 0.00250897]"
RandomForest,8,0.56364,0.625,1.0,0.5714285714285714,0.25,1.0,0.37796,[0.   0.25 0.25 0.75 1.  ],[0.   0.   0.25 0.25 1.  ],[1.8 0.8 0.4 0.2 0. ]
DecisionTree,8,0.87302,0.875,1.0,0.8,0.75,1.0,0.7746,[0.   0.75 1.   1.  ],[0.   0.   0.75 1.  ],[1.71428571 0.71428571 0.11111111 0.        ]
KNN,8,0.56364,0.625,1.0,0.5714285714285714,0.25,1.0,0.37796,[0.   0.25 1.   1.  ],[0.   0.   0.75 1.  ],[1.66666667 0.66666667 0.33333333 0.        ]
OneClassSVM,8,0.56364,0.625,0.5714285714285714,1.0,1.0,0.25,0.37796,[],[],[]
LocalOutlierFactor,8,0.61905,0.625,0.6,0.6666666666666666,0.75,0.5,0.2582,[],[],[]
IsolationForest,8,0.61905,0.625,0.6666666666666666,0.6,0.5,0.75,0.2582,[],[],[]
Xgboost,8,0.46667,0.5,0.5,0.5,0.25,0.75,0.0,[0.   0.25 0.25 1.   1.  ],[0.  0.  0.5 0.5 1. ],[1.7731755  0.77317554 0.16232215 0.11544155 0.00872539]
RandomForest,9,0.87302,0.875,1.0,0.8,0.75,1.0,0.7746,[0.   0.75 0.75 1.  ],[0.  0.  0.5 1. ],[1.75 0.75 0.25 0.  ]
DecisionTree,9,0.56364,0.625,1.0,0.5714285714285714,0.25,1.0,0.37796,[0.   0.25 1.  ],[0. 0. 1.],[2. 1. 0.]
KNN,9,0.56364,0.625,1.0,0.5714285714285714,0.25,1.0,0.37796,[0.   0.25 1.   1.  ],[0.   0.   0.75 1.  ],[1.66666667 0.66666667 0.33333333 0.        ]
OneClassSVM,9,0.56364,0.625,0.5714285714285714,1.0,1.0,0.25,0.37796,[],[],[]
LocalOutlierFactor,9,0.61905,0.625,0.6,0.6666666666666666,0.75,0.5,0.2582,[],[],[]
IsolationForest,9,0.73333,0.75,1.0,0.6666666666666666,0.5,1.0,0.57735,[],[],[]
Xgboost,9,0.46667,0.5,0.5,0.5,0.25,0.75,0.0,[0.   0.25 0.25 0.75 0.75 1.   1.  ],[0.   0.   0.5  0.5  0.75 0.75 1.  ],"[1.681711   0.6817109  0.3908456  0.09316189 0.08304028 0.0274457
 0.00622064]"
RandomForest,10,0.56364,0.625,1.0,0.5714285714285714,0.25,1.0,0.37796,[0.   0.25 0.25 0.5  0.75 1.   1.  ],[0.   0.   0.25 0.5  0.5  0.75 1.  ],"[1.77777778 0.77777778 0.44444444 0.33333333 0.22222222 0.11111111
 0.        ]"
DecisionTree,10,0.87302,0.875,1.0,0.8,0.75,1.0,0.7746,[0.   0.75 0.75 1.   1.  ],[0.   0.   0.75 0.75 1.  ],[1.71428571 0.71428571 0.28571429 0.11111111 0.        ]
KNN,10,0.56364,0.625,1.0,0.5714285714285714,0.25,1.0,0.37796,[0.   0.25 1.   1.  ],[0.   0.   0.75 1.  ],[1.66666667 0.66666667 0.33333333 0.        ]
OneClassSVM,10,0.56364,0.625,0.5714285714285714,1.0,1.0,0.25,0.37796,[],[],[]
LocalOutlierFactor,10,0.36508,0.375,0.4,0.3333333333333333,0.5,0.25,-0.2582,[],[],[]
IsolationForest,10,0.33333,0.5,0.5,,1.0,0.0,0.0,[],[],[]
Xgboost,10,0.56364,0.625,1.0,0.5714285714285714,0.25,1.0,0.37796,[0.   0.25 0.25 0.5  0.5  1.   1.  ],[0.   0.   0.5  0.5  0.75 0.75 1.  ],"[1.6639454  0.66394544 0.4123848  0.22393228 0.1371489  0.06387128
 0.01216291]"
RandomForest,11,0.46667,0.5,0.5,0.5,0.25,0.75,0.0,[0.   0.   0.25 0.75 0.75 1.   1.  ],[0.   0.25 0.25 0.25 0.75 0.75 1.  ],"[1.61904762 0.61904762 0.53333333 0.38461538 0.28571429 0.05128205
 0.        ]"
DecisionTree,11,0.36508,0.375,0.3333333333333333,0.4,0.25,0.5,-0.2582,[0.   0.   0.25 1.   1.  ],[0.   0.5  0.5  0.75 1.  ],[1.8        0.8        0.71428571 0.11111111 0.        ]
KNN,11,0.56364,0.625,1.0,0.5714285714285714,0.25,1.0,0.37796,[0.   0.25 0.25 0.75 0.75 1.   1.  ],[0.   0.   0.25 0.25 0.75 0.75 1.  ],"[1.77156385 0.77156385 0.49085284 0.24193934 0.16892831 0.09264224
 0.        ]"
OneClassSVM,11,0.56364,0.625,0.5714285714285714,1.0,1.0,0.25,0.37796,[],[],[]
LocalOutlierFactor,11,0.61905,0.625,0.6,0.6666666666666666,0.75,0.5,0.2582,[],[],[]
IsolationForest,11,0.73333,0.75,1.0,0.6666666666666666,0.5,1.0,0.57735,[],[],[]
Xgboost,11,0.46667,0.5,0.5,0.5,0.25,0.75,0.0,[0.   0.25 0.25 1.   1.  ],[0.  0.  0.5 0.5 1. ],[1.8315768  0.8315768  0.13200735 0.03867283 0.00423557]
RandomForest,12,0.56364,0.625,1.0,0.5714285714285714,0.25,1.0,0.37796,[0.   0.25 0.25 0.5  1.   1.  ],[0.   0.   0.5  0.75 0.75 1.  ],[1.82352941 0.82352941 0.23529412 0.17647059 0.05882353 0.        ]
DecisionTree,12,0.56364,0.625,1.0,0.5714285714285714,0.25,1.0,0.37796,[0.   0.25 1.  ],[0. 0. 1.],[2. 1. 0.]
KNN,12,0.56364,0.625,1.0,0.5714285714285714,0.25,1.0,0.37796,[0.   0.25 1.   1.  ],[0.   0.   0.75 1.  ],[1.66666667 0.66666667 0.33333333 0.        ]
OneClassSVM,12,0.56364,0.625,0.5714285714285714,1.0,1.0,0.25,0.37796,[],[],[]
LocalOutlierFactor,12,0.46667,0.5,0.5,0.5,0.25,0.75,0.0,[],[],[]
IsolationForest,12,0.33333,0.5,0.5,,1.0,0.0,0.0,[],[],[]
Xgboost,12,0.46667,0.5,0.5,0.5,0.25,0.75,0.0,[0.   0.25 0.25 0.75 0.75 1.   1.  ],[0.   0.   0.5  0.5  0.75 0.75 1.  ],"[1.6932323  0.69323236 0.4432048  0.07888735 0.07171357 0.01897878
 0.00372984]"
RandomForest,13,0.56364,0.625,1.0,0.5714285714285714,0.25,1.0,0.37796,[0.   0.25 0.25 0.25 1.  ],[0.   0.   0.25 0.75 1.  ],[1.8 0.8 0.4 0.2 0. ]
DecisionTree,13,0.36508,0.375,0.3333333333333333,0.4,0.25,0.5,-0.2582,[0.   0.25 0.25 1.  ],[0.   0.5  0.75 1.  ],[2.         1.         0.33333333 0.        ]
KNN,13,0.56364,0.625,1.0,0.5714285714285714,0.25,1.0,0.37796,[0.   0.25 0.25 1.   1.  ],[0.   0.   0.75 0.75 1.  ],[1.8 0.8 0.4 0.2 0. ]
OneClassSVM,13,0.56364,0.625,0.5714285714285714,1.0,1.0,0.25,0.37796,[],[],[]
LocalOutlierFactor,13,0.46667,0.5,0.5,0.5,0.75,0.25,0.0,[],[],[]
IsolationForest,13,0.73333,0.75,1.0,0.6666666666666666,0.5,1.0,0.57735,[],[],[]
Xgboost,13,0.46667,0.5,0.5,0.5,0.25,0.75,0.0,[0.   0.25 0.25 0.5  0.5  0.75 0.75 1.   1.  ],[0.   0.   0.25 0.25 0.5  0.5  0.75 0.75 1.  ],"[1.8157369  0.8157369  0.6146563  0.12066067 0.11091504 0.10585611
 0.03938181 0.01486094 0.00297075]"
RandomForest,14,0.56364,0.625,1.0,0.5714285714285714,0.25,1.0,0.37796,[0.   0.25 0.5  1.  ],[0. 0. 0. 1.],[1.66666667 0.66666667 0.33333333 0.        ]
DecisionTree,14,0.56364,0.625,1.0,0.5714285714285714,0.25,1.0,0.37796,[0.   0.25 1.  ],[0. 0. 1.],[2. 1. 0.]
KNN,14,0.46667,0.5,0.5,0.5,0.25,0.75,0.0,[0.   0.25 0.25 1.   1.  ],[0.   0.   0.75 0.75 1.  ],[1.80292745 0.80292745 0.25944369 0.0859741  0.        ]
OneClassSVM,14,0.56364,0.625,0.5714285714285714,1.0,1.0,0.25,0.37796,[],[],[]
LocalOutlierFactor,14,0.46667,0.5,0.5,0.5,0.25,0.75,0.0,[],[],[]
IsolationForest,14,0.33333,0.5,0.5,,1.0,0.0,0.0,[],[],[]
Xgboost,14,0.46667,0.5,0.5,0.5,0.25,0.75,0.0,[0.   0.25 0.25 1.   1.  ],[0.  0.  0.5 0.5 1. ],[1.7705843  0.7705843  0.15475953 0.09184168 0.00669754]
RandomForest,15,0.46667,0.5,0.5,0.5,0.25,0.75,0.0,[0.   0.25 0.25 0.5  1.   1.  ],[0.   0.   0.5  0.75 0.75 1.  ],[1.72727273 0.72727273 0.45454545 0.36363636 0.18181818 0.        ]
DecisionTree,15,0.25,0.25,0.25,0.25,0.25,0.25,-0.5,[0.   0.25 1.   1.  ],[0.   0.75 0.75 1.  ],[1.85714286 0.85714286 0.11111111 0.        ]
KNN,15,0.56364,0.625,1.0,0.5714285714285714,0.25,1.0,0.37796,[0.   0.25 1.   1.  ],[0.   0.   0.75 1.  ],[1.66666667 0.66666667 0.33333333 0.        ]
OneClassSVM,15,0.56364,0.625,0.5714285714285714,1.0,1.0,0.25,0.37796,[],[],[]
LocalOutlierFactor,15,0.61905,0.625,0.6,0.6666666666666666,0.75,0.5,0.2582,[],[],[]
IsolationForest,15,0.33333,0.5,0.5,,1.0,0.0,0.0,[],[],[]
Xgboost,15,0.46667,0.5,0.5,0.5,0.25,0.75,0.0,[0.   0.25 0.25 0.5  0.5  1.   1.  ],[0.   0.   0.5  0.5  0.75 0.75 1.  ],"[1.7576752  0.7576752  0.23357105 0.15741457 0.14314012 0.13051437
 0.02290636]"
RandomForest,16,0.33333,0.5,,0.5,0.0,1.0,0.0,[0.   0.25 0.25 1.   1.  ],[0.   0.   0.25 0.25 1.  ],[1.46753247 0.46753247 0.44557823 0.22263451 0.        ]
DecisionTree,16,0.56364,0.625,1.0,0.5714285714285714,0.25,1.0,0.37796,[0.   0.25 1.  ],[0. 0. 1.],[2. 1. 0.]
KNN,16,0.56364,0.625,1.0,0.5714285714285714,0.25,1.0,0.37796,[0.   0.25 0.25 1.   1.  ],[0.   0.   0.75 0.75 1.  ],[1.8 0.8 0.4 0.2 0. ]
OneClassSVM,16,0.56364,0.625,0.5714285714285714,1.0,1.0,0.25,0.37796,[],[],[]
LocalOutlierFactor,16,0.61905,0.625,0.6,0.6666666666666666,0.75,0.5,0.2582,[],[],[]
IsolationForest,16,0.73333,0.75,1.0,0.6666666666666666,0.5,1.0,0.57735,[],[],[]
Xgboost,16,0.27273,0.375,0.0,0.42857142857142855,0.0,0.75,-0.37796,[0.  0.  0.  0.5 0.5 1.  1. ],[0.   0.25 0.5  0.5  0.75 0.75 1.  ],"[1.6130025  0.6130026  0.49553484 0.3274925  0.2515061  0.11943783
 0.02053723]"
RandomForest,17,0.73333,0.75,1.0,0.6666666666666666,0.5,1.0,0.57735,[0.   0.25 0.75 0.75 1.   1.  ],[0.  0.  0.  0.5 0.5 1. ],[1.78947368 0.78947368 0.47368421 0.15789474 0.10526316 0.        ]
DecisionTree,17,0.56364,0.625,1.0,0.5714285714285714,0.25,1.0,0.37796,[0.   0.25 1.  ],[0. 0. 1.],[2. 1. 0.]
KNN,17,0.56364,0.625,1.0,0.5714285714285714,0.25,1.0,0.37796,[0.   0.25 1.   1.  ],[0.   0.   0.75 1.  ],[1.66666667 0.66666667 0.33333333 0.        ]
OneClassSVM,17,0.56364,0.625,0.5714285714285714,1.0,1.0,0.25,0.37796,[],[],[]
LocalOutlierFactor,17,0.5,0.5,0.5,0.5,0.5,0.5,0.0,[],[],[]
IsolationForest,17,0.33333,0.5,0.5,,1.0,0.0,0.0,[],[],[]
Xgboost,17,0.46667,0.5,0.5,0.5,0.25,0.75,0.0,[0.   0.25 0.25 0.5  0.5  1.   1.  ],[0.   0.   0.25 0.25 0.5  0.5  1.  ],"[1.7728077  0.7728077  0.5717293  0.11669184 0.10837694 0.0856985
 0.00559829]"
RandomForest,18,0.36508,0.375,0.3333333333333333,0.4,0.25,0.5,-0.2582,[0.   0.25 1.   1.  ],[0.  0.5 0.5 1. ],[1.66666667 0.66666667 0.33333333 0.        ]
DecisionTree,18,0.56364,0.625,1.0,0.5714285714285714,0.25,1.0,0.37796,[0.   0.25 1.  ],[0. 0. 1.],[2. 1. 0.]
KNN,18,0.56364,0.625,1.0,0.5714285714285714,0.25,1.0,0.37796,[0.   0.25 0.25 1.   1.  ],[0.   0.   0.75 0.75 1.  ],[1.8 0.8 0.4 0.2 0. ]
OneClassSVM,18,0.56364,0.625,0.5714285714285714,1.0,1.0,0.25,0.37796,[],[],[]
LocalOutlierFactor,18,0.46667,0.5,0.5,0.5,0.25,0.75,0.0,[],[],[]
IsolationForest,18,0.87302,0.875,1.0,0.8,0.75,1.0,0.7746,[],[],[]
Xgboost,18,0.46667,0.5,0.5,0.5,0.25,0.75,0.0,[0.   0.25 0.25 1.   1.  ],[0.   0.   0.75 0.75 1.  ],[1.8245173  0.8245173  0.1286771  0.02001835 0.00439024]
RandomForest,19,0.56364,0.625,1.0,0.5714285714285714,0.25,1.0,0.37796,[0.   0.25 0.25 0.25 1.  ],[0.   0.   0.25 0.75 1.  ],[1.6 0.6 0.4 0.2 0. ]
DecisionTree,19,0.36508,0.375,0.3333333333333333,0.4,0.25,0.5,-0.2582,[0.   0.25 1.  ],[0.  0.5 1. ],[2. 1. 0.]
KNN,19,0.56364,0.625,1.0,0.5714285714285714,0.25,1.0,0.37796,[0.   0.25 1.   1.  ],[0.   0.   0.75 1.  ],[1.66666667 0.66666667 0.33333333 0.        ]
OneClassSVM,19,0.56364,0.625,0.5714285714285714,1.0,1.0,0.25,0.37796,[],[],[]
LocalOutlierFactor,19,0.46667,0.5,0.5,0.5,0.75,0.25,0.0,[],[],[]
IsolationForest,19,0.73333,0.75,1.0,0.6666666666666666,0.5,1.0,0.57735,[],[],[]
Xgboost,19,0.46667,0.5,0.5,0.5,0.25,0.75,0.0,[0.   0.25 0.25 0.75 0.75 1.   1.  ],[0.   0.   0.25 0.25 0.5  0.5  1.  ],"[1.8541006  0.8541006  0.6404811  0.10358401 0.06264038 0.02578084
 0.00339063]"
RandomForest,20,0.46667,0.5,0.5,0.5,0.25,0.75,0.0,[0.   0.25 1.  ],[0.   0.25 1.  ],[2. 1. 0.]
DecisionTree,20,0.56364,0.625,1.0,0.5714285714285714,0.25,1.0,0.37796,[0.   0.25 1.   1.  ],[0.   0.   0.75 1.  ],[1.71428571 0.71428571 0.25       0.        ]
KNN,20,0.46667,0.5,0.5,0.5,0.25,0.75,0.0,[0.   0.25 0.25 0.75 0.75 1.   1.  ],[0.   0.   0.25 0.25 0.75 0.75 1.  ],"[1.72340026 0.72340026 0.54892705 0.2883222  0.19524587 0.10045635
 0.        ]"
OneClassSVM,20,0.56364,0.625,0.5714285714285714,1.0,1.0,0.25,0.37796,[],[],[]
LocalOutlierFactor,20,0.61905,0.625,0.6,0.6666666666666666,0.75,0.5,0.2582,[],[],[]
IsolationForest,20,0.33333,0.5,0.5,,1.0,0.0,0.0,[],[],[]
Xgboost,20,0.46667,0.5,0.5,0.5,0.25,0.75,0.0,[0.   0.25 0.25 0.75 0.75 1.   1.  ],[0.   0.   0.5  0.5  0.75 0.75 1.  ],"[1.7164145  0.71641445 0.35342544 0.14310038 0.09682557 0.08746586
 0.00815466]"
RandomForest,21,0.33333,0.5,,0.5,0.0,1.0,0.0,[0. 1. 1. 1.],[0.   0.   0.25 1.  ],[1.16666667 0.16666667 0.14285714 0.        ]
DecisionTree,21,0.56364,0.625,1.0,0.5714285714285714,0.25,1.0,0.37796,[0.   0.25 1.  ],[0. 0. 1.],[2. 1. 0.]
KNN,21,0.56364,0.625,1.0,0.5714285714285714,0.25,1.0,0.37796,[0.   0.25 0.25 1.   1.  ],[0.   0.   0.75 0.75 1.  ],[1.8 0.8 0.4 0.2 0. ]
OneClassSVM,21,0.56364,0.625,0.5714285714285714,1.0,1.0,0.25,0.37796,[],[],[]
LocalOutlierFactor,21,0.46667,0.5,0.5,0.5,0.75,0.25,0.0,[],[],[]
IsolationForest,21,0.33333,0.5,0.5,,1.0,0.0,0.0,[],[],[]
Xgboost,21,0.46667,0.5,0.5,0.5,0.25,0.75,0.0,[0.   0.25 0.25 0.5  0.5  1.   1.  ],[0.   0.   0.25 0.25 0.5  0.5  1.  ],"[1.7728077  0.7728077  0.5717293  0.11669184 0.10837694 0.0856985
 0.00559829]"
RandomForest,22,0.56364,0.625,1.0,0.5714285714285714,0.25,1.0,0.37796,[0.   0.25 0.5  0.75 0.75 1.   1.  ],[0.   0.   0.   0.25 0.5  0.75 1.  ],"[1.66666667 0.66666667 0.46666667 0.4        0.26666667 0.06666667
 0.        ]"
DecisionTree,22,0.56364,0.625,1.0,0.5714285714285714,0.25,1.0,0.37796,[0.   0.25 1.  ],[0. 0. 1.],[2. 1. 0.]
KNN,22,0.56364,0.625,1.0,0.5714285714285714,0.25,1.0,0.37796,[0.   0.25 1.   1.  ],[0.   0.   0.75 1.  ],[1.66666667 0.66666667 0.33333333 0.        ]
OneClassSVM,22,0.56364,0.625,0.5714285714285714,1.0,1.0,0.25,0.37796,[],[],[]
LocalOutlierFactor,22,0.46667,0.5,0.5,0.5,0.25,0.75,0.0,[],[],[]
IsolationForest,22,0.33333,0.5,0.5,,1.0,0.0,0.0,[],[],[]
Xgboost,22,0.46667,0.5,0.5,0.5,0.25,0.75,0.0,[0.   0.25 0.25 0.75 0.75 1.   1.  ],[0.   0.   0.25 0.25 0.5  0.5  1.  ],"[1.8541006  0.8541006  0.6404811  0.10358401 0.06264038 0.02578084
 0.00339063]"
RandomForest,23,0.56364,0.625,1.0,0.5714285714285714,0.25,1.0,0.37796,[0.   0.25 0.25 0.75 1.  ],[0.   0.   0.25 0.75 1.  ],[1.6 0.6 0.4 0.2 0. ]
DecisionTree,23,0.56364,0.625,1.0,0.5714285714285714,0.25,1.0,0.37796,[0.   0.25 0.25 0.5  1.  ],[0.   0.   0.75 0.75 1.  ],[1.71428571 0.71428571 0.375      0.33333333 0.        ]
KNN,23,0.56364,0.625,1.0,0.5714285714285714,0.25,1.0,0.37796,[0.   0.25 1.   1.  ],[0.   0.   0.75 1.  ],[1.66666667 0.66666667 0.33333333 0.        ]
OneClassSVM,23,0.56364,0.625,0.5714285714285714,1.0,1.0,0.25,0.37796,[],[],[]
LocalOutlierFactor,23,0.61905,0.625,0.6,0.6666666666666666,0.75,0.5,0.2582,[],[],[]
IsolationForest,23,0.56364,0.625,1.0,0.5714285714285714,0.25,1.0,0.37796,[],[],[]
Xgboost,23,0.46667,0.5,0.5,0.5,0.25,0.75,0.0,[0.   0.25 0.25 0.5  0.5  1.   1.  ],[0.   0.   0.25 0.25 0.75 0.75 1.  ],"[1.7311504  0.7311504  0.63049096 0.10183165 0.08411642 0.03240884
 0.00498405]"
RandomForest,24,0.73333,0.75,1.0,0.6666666666666666,0.5,1.0,0.57735,[0.  0.5 1. ],[0. 0. 1.],[2. 1. 0.]
DecisionTree,24,0.56364,0.625,1.0,0.5714285714285714,0.25,1.0,0.37796,[0.   0.25 1.  ],[0. 0. 1.],[2. 1. 0.]
KNN,24,0.56364,0.625,1.0,0.5714285714285714,0.25,1.0,0.37796,[0.   0.25 0.25 0.75 0.75 1.   1.  ],[0.   0.   0.5  0.5  0.75 0.75 1.  ],"[1.75057101 0.75057101 0.33158327 0.29833542 0.29004533 0.14697965
 0.        ]"
OneClassSVM,24,0.56364,0.625,0.5714285714285714,1.0,1.0,0.25,0.37796,[],[],[]
LocalOutlierFactor,24,0.46667,0.5,0.5,0.5,0.75,0.25,0.0,[],[],[]
IsolationForest,24,0.33333,0.5,0.5,,1.0,0.0,0.0,[],[],[]
Xgboost,24,0.46667,0.5,0.5,0.5,0.25,0.75,0.0,[0.   0.25 0.25 0.75 0.75 1.   1.  ],[0.   0.   0.25 0.25 0.5  0.5  1.  ],"[1.7783023  0.7783023  0.5748574  0.1373643  0.11488491 0.07686488
 0.00345536]"
RandomForest,25,0.87302,0.875,1.0,0.8,0.75,1.0,0.7746,[0.   0.25 1.   1.   1.   1.  ],[0.   0.   0.   0.25 0.75 1.  ],[1.875      0.875      0.35       0.32857143 0.20357143 0.        ]
DecisionTree,25,0.56364,0.625,1.0,0.5714285714285714,0.25,1.0,0.37796,[0.   0.25 1.  ],[0. 0. 1.],[2. 1. 0.]
KNN,25,0.56364,0.625,1.0,0.5714285714285714,0.25,1.0,0.37796,[0.   0.25 1.   1.  ],[0.   0.   0.75 1.  ],[1.66666667 0.66666667 0.33333333 0.        ]
OneClassSVM,25,0.56364,0.625,0.5714285714285714,1.0,1.0,0.25,0.37796,[],[],[]
LocalOutlierFactor,25,0.61905,0.625,0.6,0.6666666666666666,0.75,0.5,0.2582,[],[],[]
IsolationForest,25,0.56364,0.625,0.5714285714285714,1.0,1.0,0.25,0.37796,[],[],[]
Xgboost,25,0.46667,0.5,0.5,0.5,0.25,0.75,0.0,[0.   0.25 0.25 1.   1.  ],[0.  0.  0.5 0.5 1. ],[1.7621498  0.7621498  0.17085306 0.1260198  0.00919869]
RandomForest,26,0.56364,0.625,1.0,0.5714285714285714,0.25,1.0,0.37796,[0.   0.25 0.25 0.75 0.75 1.   1.  ],[0.   0.   0.25 0.25 0.75 0.75 1.  ],"[2.         1.         0.33809524 0.22222222 0.16666667 0.08333333
 0.        ]"
DecisionTree,26,0.56364,0.625,1.0,0.5714285714285714,0.25,1.0,0.37796,[0.   0.25 0.25 0.5  1.  ],[0.   0.   0.75 0.75 1.  ],[1.71428571 0.71428571 0.375      0.33333333 0.        ]
KNN,26,0.56364,0.625,1.0,0.5714285714285714,0.25,1.0,0.37796,[0.   0.25 1.   1.  ],[0.   0.   0.75 1.  ],[1.66666667 0.66666667 0.33333333 0.        ]
OneClassSVM,26,0.56364,0.625,0.5714285714285714,1.0,1.0,0.25,0.37796,[],[],[]
LocalOutlierFactor,26,0.46667,0.5,0.5,0.5,0.75,0.25,0.0,[],[],[]
IsolationForest,26,0.87302,0.875,1.0,0.8,0.75,1.0,0.7746,[],[],[]
Xgboost,26,0.46667,0.5,0.5,0.5,0.25,0.75,0.0,[0.   0.25 0.25 0.75 0.75 1.   1.  ],[0.   0.   0.5  0.5  0.75 0.75 1.  ],"[1.7007275  0.70072746 0.41339332 0.11759153 0.10313374 0.07059111
 0.00728356]"
RandomForest,27,0.46667,0.5,0.5,0.5,0.25,0.75,0.0,[0.   0.25 1.  ],[0.   0.25 1.  ],[2. 1. 0.]
DecisionTree,27,0.87302,0.875,1.0,0.8,0.75,1.0,0.7746,[0.   0.75 1.   1.  ],[0.   0.   0.75 1.  ],[1.71428571 0.71428571 0.11111111 0.        ]
KNN,27,0.56364,0.625,1.0,0.5714285714285714,0.25,1.0,0.37796,[0.   0.25 1.   1.  ],[0.   0.   0.75 1.  ],[1.66666667 0.66666667 0.33333333 0.        ]
OneClassSVM,27,0.56364,0.625,0.5714285714285714,1.0,1.0,0.25,0.37796,[],[],[]
LocalOutlierFactor,27,0.5,0.5,0.5,0.5,0.5,0.5,0.0,[],[],[]
IsolationForest,27,0.33333,0.5,0.5,,1.0,0.0,0.0,[],[],[]
Xgboost,27,0.46667,0.5,0.5,0.5,0.25,0.75,0.0,[0.   0.25 0.25 0.75 1.   1.  ],[0.  0.  0.5 0.5 0.5 1. ],[1.7425387  0.74253863 0.12969552 0.11618635 0.08798093 0.00534118]
RandomForest,28,0.56364,0.625,1.0,0.5714285714285714,0.25,1.0,0.37796,[0.   0.25 0.75 0.75 1.   1.  ],[0.   0.   0.25 0.5  0.5  1.  ],[1.81818182 0.81818182 0.36363636 0.27272727 0.18181818 0.        ]
DecisionTree,28,0.46667,0.5,0.5,0.5,0.25,0.75,0.0,[0.   0.   0.25 0.25 0.5  1.  ],[0.   0.25 0.25 0.75 0.75 1.  ],[1.83333333 0.83333333 0.71428571 0.375      0.33333333 0.        ]
KNN,28,0.56364,0.625,1.0,0.5714285714285714,0.25,1.0,0.37796,[0.   0.25 0.25 1.   1.  ],[0.   0.   0.75 0.75 1.  ],[1.8 0.8 0.4 0.2 0. ]
OneClassSVM,28,0.56364,0.625,0.5714285714285714,1.0,1.0,0.25,0.37796,[],[],[]
LocalOutlierFactor,28,0.61905,0.625,0.6,0.6666666666666666,0.75,0.5,0.2582,[],[],[]
IsolationForest,28,0.33333,0.5,0.5,,1.0,0.0,0.0,[],[],[]
Xgboost,28,0.46667,0.5,0.5,0.5,0.25,0.75,0.0,[0.   0.25 0.25 0.75 0.75 1.   1.  ],[0.   0.   0.25 0.25 0.5  0.5  1.  ],"[1.8021753  0.80217534 0.5552272  0.16049802 0.11758831 0.04775442
 0.0047893 ]"
RandomForest,29,0.87302,0.875,1.0,0.8,0.75,1.0,0.7746,[0.   0.75 1.  ],[0. 0. 1.],[2. 1. 0.]
DecisionTree,29,0.46667,0.5,0.5,0.5,0.25,0.75,0.0,[0.   0.   0.25 0.25 0.5  1.  ],[0.   0.25 0.25 0.75 0.75 1.  ],[1.83333333 0.83333333 0.71428571 0.375      0.33333333 0.        ]
KNN,29,0.56364,0.625,1.0,0.5714285714285714,0.25,1.0,0.37796,[0.   0.25 0.25 1.   1.  ],[0.   0.   0.75 0.75 1.  ],[1.8 0.8 0.4 0.2 0. ]
OneClassSVM,29,0.56364,0.625,0.5714285714285714,1.0,1.0,0.25,0.37796,[],[],[]
LocalOutlierFactor,29,0.46667,0.5,0.5,0.5,0.25,0.75,0.0,[],[],[]
IsolationForest,29,0.87302,0.875,1.0,0.8,0.75,1.0,0.7746,[],[],[]
Xgboost,29,0.46667,0.5,0.5,0.5,0.25,0.75,0.0,[0.   0.25 0.25 0.75 0.75 1.   1.  ],[0.   0.   0.5  0.5  0.75 0.75 1.  ],"[1.8036213  0.8036213  0.1180943  0.0931612  0.05177193 0.02524536
 0.00482865]"
RandomForest,30,0.46667,0.5,0.5,0.5,0.25,0.75,0.0,[0.   0.25 1.  ],[0.   0.25 1.  ],[2. 1. 0.]
DecisionTree,30,0.36508,0.375,0.3333333333333333,0.4,0.25,0.5,-0.2582,[0.   0.   0.25 1.   1.  ],[0.   0.5  0.5  0.75 1.  ],[1.8        0.8        0.71428571 0.11111111 0.        ]
KNN,30,0.46667,0.5,0.5,0.5,0.25,0.75,0.0,[0.   0.25 0.75 1.   1.  ],[0.   0.25 0.5  0.75 1.  ],[1.57142857 0.57142857 0.42857143 0.28571429 0.        ]
OneClassSVM,30,0.56364,0.625,0.5714285714285714,1.0,1.0,0.25,0.37796,[],[],[]
LocalOutlierFactor,30,0.46667,0.5,0.5,0.5,0.25,0.75,0.0,[],[],[]
IsolationForest,30,0.33333,0.5,0.5,,1.0,0.0,0.0,[],[],[]
Xgboost,30,0.46667,0.5,0.5,0.5,0.25,0.75,0.0,[0.   0.25 0.25 1.   1.  ],[0.   0.   0.75 0.75 1.  ],[1.8208661  0.8208661  0.10871149 0.01388475 0.00287656]
RandomForest,31,0.56364,0.625,1.0,0.5714285714285714,0.25,1.0,0.37796,[0.   0.25 0.5  0.5  1.   1.  ],[0.  0.  0.  0.5 0.5 1. ],[1.57142857 0.57142857 0.44642857 0.28571429 0.16071429 0.        ]
DecisionTree,31,0.46667,0.5,0.5,0.5,0.75,0.25,0.0,[0.   0.75 1.   1.  ],[0.   0.75 0.75 1.  ],[1.71428571 0.71428571 0.11111111 0.        ]
KNN,31,0.46667,0.5,0.5,0.5,0.25,0.75,0.0,[0.   0.25 0.75 1.   1.  ],[0.   0.25 0.5  0.75 1.  ],[1.57142857 0.57142857 0.42857143 0.28571429 0.        ]
OneClassSVM,31,0.56364,0.625,0.5714285714285714,1.0,1.0,0.25,0.37796,[],[],[]
LocalOutlierFactor,31,0.46667,0.5,0.5,0.5,0.75,0.25,0.0,[],[],[]
IsolationForest,31,0.33333,0.5,0.5,,1.0,0.0,0.0,[],[],[]
Xgboost,31,0.46667,0.5,0.5,0.5,0.25,0.75,0.0,[0.   0.25 0.25 0.75 0.75 1.   1.  ],[0.   0.   0.25 0.25 0.75 0.75 1.  ],"[1.7695103  0.7695102  0.6609836  0.14208147 0.10241923 0.03942791
 0.00600811]"
RandomForest,32,0.56364,0.625,1.0,0.5714285714285714,0.25,1.0,0.37796,[0.   0.25 0.5  1.   1.  ],[0.   0.   0.5  0.75 1.  ],[1.55555556 0.55555556 0.22222222 0.11111111 0.        ]
DecisionTree,32,0.25,0.25,0.25,0.25,0.25,0.25,-0.5,[0.   0.25 1.   1.  ],[0.   0.75 0.75 1.  ],[1.85714286 0.85714286 0.28571429 0.        ]
KNN,32,0.46667,0.5,0.5,0.5,0.25,0.75,0.0,[0.   0.25 0.75 1.   1.  ],[0.   0.25 0.5  0.75 1.  ],[1.57142857 0.57142857 0.42857143 0.28571429 0.        ]
OneClassSVM,32,0.56364,0.625,0.5714285714285714,1.0,1.0,0.25,0.37796,[],[],[]
LocalOutlierFactor,32,0.46667,0.5,0.5,0.5,0.75,0.25,0.0,[],[],[]
IsolationForest,32,0.73333,0.75,1.0,0.6666666666666666,0.5,1.0,0.57735,[],[],[]
Xgboost,32,0.46667,0.5,0.5,0.5,0.25,0.75,0.0,[0.   0.25 0.25 0.5  1.   1.  ],[0.  0.  0.5 0.5 0.5 1. ],[1.7272062  0.7272063  0.26869112 0.17278357 0.14855899 0.0205215 ]
RandomForest,33,0.61905,0.625,0.6666666666666666,0.6,0.5,0.75,0.2582,[0.   0.25 0.25 0.5  0.5  1.   1.  ],[0.   0.   0.25 0.25 0.5  0.5  1.  ],"[1.6317029  0.6317029  0.55253623 0.52753623 0.41860766 0.21130952
 0.01075269]"
DecisionTree,33,0.56364,0.625,1.0,0.5714285714285714,0.25,1.0,0.37796,[0.   0.25 1.  ],[0. 0. 1.],[2. 1. 0.]
KNN,33,0.46667,0.5,0.5,0.5,0.25,0.75,0.0,[0.   0.25 0.75 1.   1.  ],[0.   0.25 0.5  0.75 1.  ],[1.57142857 0.57142857 0.42857143 0.28571429 0.        ]
OneClassSVM,33,0.56364,0.625,0.5714285714285714,1.0,1.0,0.25,0.37796,[],[],[]
LocalOutlierFactor,33,0.46667,0.5,0.5,0.5,0.75,0.25,0.0,[],[],[]
IsolationForest,33,0.73333,0.75,1.0,0.6666666666666666,0.5,1.0,0.57735,[],[],[]
Xgboost,33,0.46667,0.5,0.5,0.5,0.25,0.75,0.0,[0.   0.25 0.25 1.   1.  ],[0.  0.  0.5 0.5 1. ],[1.7479304  0.7479304  0.20746408 0.08396666 0.00777031]
RandomForest,34,0.56364,0.625,1.0,0.5714285714285714,0.25,1.0,0.37796,[0.   0.25 0.5  1.   1.  ],[0.   0.   0.25 0.5  1.  ],[2.         1.         0.28571429 0.14285714 0.        ]
DecisionTree,34,0.56364,0.625,1.0,0.5714285714285714,0.25,1.0,0.37796,[0.   0.25 1.  ],[0. 0. 1.],[2. 1. 0.]
KNN,34,0.46667,0.5,0.5,0.5,0.25,0.75,0.0,[0.   0.25 0.75 1.   1.  ],[0.   0.25 0.5  0.75 1.  ],[1.57142857 0.57142857 0.42857143 0.28571429 0.        ]
OneClassSVM,34,0.56364,0.625,0.5714285714285714,1.0,1.0,0.25,0.37796,[],[],[]
LocalOutlierFactor,34,0.61905,0.625,0.6,0.6666666666666666,0.75,0.5,0.2582,[],[],[]
IsolationForest,34,0.56364,0.625,1.0,0.5714285714285714,0.25,1.0,0.37796,[],[],[]
Xgboost,34,0.46667,0.5,0.5,0.5,0.25,0.75,0.0,[0.   0.25 0.25 0.75 1.   1.  ],[0.  0.  0.5 0.5 0.5 1. ],[1.8306515  0.83065146 0.14517218 0.10644697 0.06278808 0.00454037]
RandomForest,35,0.36508,0.375,0.3333333333333333,0.4,0.25,0.5,-0.2582,[0.   0.25 1.   1.  ],[0.   0.5  0.75 1.  ],[1.6 0.6 0.2 0. ]
DecisionTree,35,0.56364,0.625,1.0,0.5714285714285714,0.25,1.0,0.37796,[0.   0.25 1.  ],[0. 0. 1.],[2. 1. 0.]
KNN,35,0.56364,0.625,1.0,0.5714285714285714,0.25,1.0,0.37796,[0.   0.25 1.   1.  ],[0.   0.   0.75 1.  ],[1.66666667 0.66666667 0.33333333 0.        ]
OneClassSVM,35,0.56364,0.625,0.5714285714285714,1.0,1.0,0.25,0.37796,[],[],[]
LocalOutlierFactor,35,0.61905,0.625,0.6,0.6666666666666666,0.75,0.5,0.2582,[],[],[]
IsolationForest,35,0.33333,0.5,0.5,,1.0,0.0,0.0,[],[],[]
Xgboost,35,0.46667,0.5,0.5,0.5,0.25,0.75,0.0,[0.   0.25 0.25 0.75 0.75 1.   1.  ],[0.   0.   0.5  0.5  0.75 0.75 1.  ],"[1.7131417  0.71314174 0.443313   0.10748561 0.10519566 0.06919542
 0.00809073]"
RandomForest,36,1.0,1.0,1.0,1.0,1.0,1.0,1.0,[0. 1. 1.],[0. 0. 1.],[2. 1. 0.]
DecisionTree,36,0.75,0.75,0.75,0.75,0.75,0.75,0.5,[0.   0.   0.75 0.75 1.   1.  ],[0.   0.25 0.25 0.75 0.75 1.  ],[1.8        0.8        0.71428571 0.125      0.11111111 0.        ]
KNN,36,0.56364,0.625,1.0,0.5714285714285714,0.25,1.0,0.37796,[0.   0.25 1.   1.  ],[0.   0.   0.75 1.  ],[1.66666667 0.66666667 0.33333333 0.        ]
OneClassSVM,36,0.56364,0.625,0.5714285714285714,1.0,1.0,0.25,0.37796,[],[],[]
LocalOutlierFactor,36,0.75,0.75,0.75,0.75,0.75,0.75,0.5,[],[],[]
IsolationForest,36,0.33333,0.5,0.5,,1.0,0.0,0.0,[],[],[]
Xgboost,36,0.46667,0.5,0.5,0.5,0.25,0.75,0.0,[0.   0.25 0.25 0.75 1.   1.  ],[0.  0.  0.5 0.5 0.5 1. ],[1.7970228  0.79702276 0.11739613 0.10428444 0.04505198 0.00444962]
RandomForest,37,0.87302,0.875,1.0,0.8,0.75,1.0,0.7746,[0.   0.75 0.75 1.  ],[0.  0.  0.5 1. ],[2.         1.         0.11111111 0.        ]
DecisionTree,37,0.56364,0.625,1.0,0.5714285714285714,0.25,1.0,0.37796,[0.   0.25 1.  ],[0. 0. 1.],[2. 1. 0.]
KNN,37,0.56364,0.625,1.0,0.5714285714285714,0.25,1.0,0.37796,[0.   0.25 0.25 1.   1.  ],[0.   0.   0.75 0.75 1.  ],[1.8 0.8 0.4 0.2 0. ]
OneClassSVM,37,0.56364,0.625,0.5714285714285714,1.0,1.0,0.25,0.37796,[],[],[]
LocalOutlierFactor,37,0.75,0.75,0.75,0.75,0.75,0.75,0.5,[],[],[]
IsolationForest,37,0.87302,0.875,1.0,0.8,0.75,1.0,0.7746,[],[],[]
Xgboost,37,0.46667,0.5,0.5,0.5,0.25,0.75,0.0,[0.   0.25 0.25 0.75 1.   1.  ],[0.   0.   0.75 0.75 0.75 1.  ],[1.715374   0.71537393 0.14380333 0.08157004 0.07051989 0.00560981]
RandomForest,38,0.56364,0.625,1.0,0.5714285714285714,0.25,1.0,0.37796,[0.   0.25 0.75 1.   1.  ],[0.   0.   0.75 0.75 1.  ],[1.8 0.8 0.4 0.2 0. ]
DecisionTree,38,0.87302,0.875,1.0,0.8,0.75,1.0,0.7746,[0.   0.75 1.  ],[0. 0. 1.],[1.71428571 0.71428571 0.        ]
KNN,38,0.56364,0.625,1.0,0.5714285714285714,0.25,1.0,0.37796,[0.   0.25 1.   1.  ],[0.   0.   0.75 1.  ],[1.66666667 0.66666667 0.33333333 0.        ]
OneClassSVM,38,0.56364,0.625,0.5714285714285714,1.0,1.0,0.25,0.37796,[],[],[]
LocalOutlierFactor,38,0.46667,0.5,0.5,0.5,0.75,0.25,0.0,[],[],[]
IsolationForest,38,0.56364,0.625,0.5714285714285714,1.0,1.0,0.25,0.37796,[],[],[]
Xgboost,38,0.27273,0.375,0.0,0.42857142857142855,0.0,0.75,-0.37796,[0.  0.  0.5 0.5 1.  1. ],[0.   0.25 0.25 0.75 0.75 1.  ],[1.5110795  0.5110796  0.3969422  0.2067176  0.17936996 0.01794637]
RandomForest,39,0.73333,0.75,1.0,0.6666666666666666,0.5,1.0,0.57735,[0.  0.5 1. ],[0. 0. 1.],[1.66666667 0.66666667 0.        ]
DecisionTree,39,0.56364,0.625,1.0,0.5714285714285714,0.25,1.0,0.37796,[0.   0.25 1.  ],[0. 0. 1.],[2. 1. 0.]
KNN,39,0.56364,0.625,1.0,0.5714285714285714,0.25,1.0,0.37796,[0.   0.25 0.25 0.75 0.75 1.   1.  ],[0.   0.   0.25 0.25 0.75 0.75 1.  ],"[1.77156385 0.77156385 0.49085284 0.24193934 0.16892831 0.09264224
 0.        ]"
OneClassSVM,39,0.56364,0.625,0.5714285714285714,1.0,1.0,0.25,0.37796,[],[],[]
LocalOutlierFactor,39,0.46667,0.5,0.5,0.5,0.25,0.75,0.0,[],[],[]
IsolationForest,39,0.73333,0.75,1.0,0.6666666666666666,0.5,1.0,0.57735,[],[],[]
Xgboost,39,0.27273,0.375,0.0,0.42857142857142855,0.0,0.75,-0.37796,[0.   0.   0.5  0.5  0.75 0.75 1.   1.  ],[0.   0.25 0.25 0.5  0.5  0.75 0.75 1.  ],"[1.6674397  0.6674397  0.27248356 0.27196795 0.1469357  0.14373508
 0.08350817 0.01736182]"
RandomForest,40,0.56364,0.625,1.0,0.5714285714285714,0.25,1.0,0.37796,[0.   0.25 0.75 0.75 1.   1.  ],[0.  0.  0.  0.5 0.5 1. ],[1.85714286 0.85714286 0.34693878 0.21111111 0.20294785 0.        ]
DecisionTree,40,0.56364,0.625,1.0,0.5714285714285714,0.25,1.0,0.37796,[0.   0.25 1.  ],[0. 0. 1.],[2. 1. 0.]
KNN,40,0.46667,0.5,0.5,0.5,0.25,0.75,0.0,[0.   0.25 0.75 1.   1.  ],[0.   0.25 0.5  0.75 1.  ],[1.57142857 0.57142857 0.42857143 0.28571429 0.        ]
OneClassSVM,40,0.56364,0.625,0.5714285714285714,1.0,1.0,0.25,0.37796,[],[],[]
LocalOutlierFactor,40,0.61905,0.625,0.6,0.6666666666666666,0.75,0.5,0.2582,[],[],[]
IsolationForest,40,0.73333,0.75,1.0,0.6666666666666666,0.5,1.0,0.57735,[],[],[]
Xgboost,40,0.46667,0.5,0.5,0.5,0.25,0.75,0.0,[0.   0.25 0.25 0.75 0.75 1.   1.  ],[0.   0.   0.5  0.5  0.75 0.75 1.  ],"[1.7602284  0.7602284  0.26250467 0.1042487  0.1034804  0.03191462
 0.00351298]"
RandomForest,41,0.56364,0.625,1.0,0.5714285714285714,0.25,1.0,0.37796,[0.   0.25 0.25 0.75 1.   1.  ],[0.   0.   0.25 0.5  0.5  1.  ],[2.         1.         0.5        0.33333333 0.16666667 0.        ]
DecisionTree,41,0.56364,0.625,1.0,0.5714285714285714,0.25,1.0,0.37796,[0.   0.25 1.  ],[0. 0. 1.],[2. 1. 0.]
KNN,41,0.56364,0.625,1.0,0.5714285714285714,0.25,1.0,0.37796,[0.   0.25 1.   1.  ],[0.   0.   0.75 1.  ],[1.66666667 0.66666667 0.33333333 0.        ]
OneClassSVM,41,0.56364,0.625,0.5714285714285714,1.0,1.0,0.25,0.37796,[],[],[]
LocalOutlierFactor,41,0.46667,0.5,0.5,0.5,0.25,0.75,0.0,[],[],[]
IsolationForest,41,0.56364,0.625,1.0,0.5714285714285714,0.25,1.0,0.37796,[],[],[]
Xgboost,41,0.46667,0.5,0.5,0.5,0.25,0.75,0.0,[0.   0.25 0.25 0.75 0.75 1.   1.  ],[0.   0.   0.5  0.5  0.75 0.75 1.  ],"[1.666351   0.66635096 0.3915994  0.12080736 0.10894732 0.04779981
 0.00609372]"
RandomForest,42,0.46667,0.5,0.5,0.5,0.25,0.75,0.0,[0.   0.25 0.25 1.   1.  ],[0.   0.   0.25 0.5  1.  ],[2.         1.         0.66666667 0.33333333 0.        ]
DecisionTree,42,0.46667,0.5,0.5,0.5,0.25,0.75,0.0,[0.   0.   0.25 0.25 0.5  1.  ],[0.   0.25 0.25 0.75 0.75 1.  ],[1.83333333 0.83333333 0.71428571 0.375      0.33333333 0.        ]
KNN,42,0.56364,0.625,1.0,0.5714285714285714,0.25,1.0,0.37796,[0.   0.25 0.25 1.   1.  ],[0.   0.   0.75 0.75 1.  ],[1.71669242 0.71669242 0.35168446 0.1991372  0.        ]
OneClassSVM,42,0.56364,0.625,0.5714285714285714,1.0,1.0,0.25,0.37796,[],[],[]
LocalOutlierFactor,42,0.61905,0.625,0.6,0.6666666666666666,0.75,0.5,0.2582,[],[],[]
IsolationForest,42,0.87302,0.875,1.0,0.8,0.75,1.0,0.7746,[],[],[]
Xgboost,42,0.46667,0.5,0.5,0.5,0.25,0.75,0.0,[0.   0.25 0.25 0.75 0.75 1.   1.  ],[0.   0.   0.5  0.5  0.75 0.75 1.  ],"[1.7778823  0.7778823  0.14429869 0.09568979 0.07186897 0.05472513
 0.00440187]"
RandomForest,43,0.56364,0.625,1.0,0.5714285714285714,0.25,1.0,0.37796,[0.   0.25 0.75 0.75 1.   1.  ],[0.   0.   0.   0.75 0.75 1.  ],[1.66666667 0.66666667 0.33893557 0.22253346 0.17226891 0.        ]
DecisionTree,43,0.87302,0.875,1.0,0.8,0.75,1.0,0.7746,[0.   0.75 1.   1.  ],[0.   0.   0.75 1.  ],[1.71428571 0.71428571 0.11111111 0.        ]
KNN,43,0.56364,0.625,1.0,0.5714285714285714,0.25,1.0,0.37796,[0.   0.25 0.25 1.   1.  ],[0.   0.   0.75 0.75 1.  ],[1.8 0.8 0.4 0.2 0. ]
OneClassSVM,43,0.56364,0.625,0.5714285714285714,1.0,1.0,0.25,0.37796,[],[],[]
LocalOutlierFactor,43,0.46667,0.5,0.5,0.5,0.25,0.75,0.0,[],[],[]
IsolationForest,43,0.56364,0.625,1.0,0.5714285714285714,0.25,1.0,0.37796,[],[],[]
Xgboost,43,0.46667,0.5,0.5,0.5,0.25,0.75,0.0,[0.   0.25 0.25 0.75 0.75 1.   1.  ],[0.   0.   0.25 0.25 0.5  0.5  1.  ],"[1.8541006  0.8541006  0.6404811  0.10358401 0.06264038 0.02578084
 0.00339063]"
RandomForest,44,0.56364,0.625,1.0,0.5714285714285714,0.25,1.0,0.37796,[0.   0.25 0.5  1.   1.   1.   1.  ],[0.   0.   0.   0.   0.25 0.75 1.  ],"[2.         1.         0.26301453 0.25706215 0.13801453 0.12665089
 0.01071429]"
DecisionTree,44,0.56364,0.625,1.0,0.5714285714285714,0.25,1.0,0.37796,[0.   0.25 1.  ],[0. 0. 1.],[2. 1. 0.]
KNN,44,0.56364,0.625,1.0,0.5714285714285714,0.25,1.0,0.37796,[0.   0.25 1.   1.  ],[0.   0.   0.75 1.  ],[1.66666667 0.66666667 0.33333333 0.        ]
OneClassSVM,44,0.56364,0.625,0.5714285714285714,1.0,1.0,0.25,0.37796,[],[],[]
LocalOutlierFactor,44,0.5,0.5,0.5,0.5,0.5,0.5,0.0,[],[],[]
IsolationForest,44,0.73333,0.75,1.0,0.6666666666666666,0.5,1.0,0.57735,[],[],[]
Xgboost,44,0.46667,0.5,0.5,0.5,0.25,0.75,0.0,[0.   0.25 0.25 0.5  0.5  1.   1.  ],[0.   0.   0.5  0.5  0.75 0.75 1.  ],"[1.783202   0.78320205 0.1522483  0.09430742 0.09134213 0.02184264
 0.00295859]"
RandomForest,45,0.61905,0.625,0.6,0.6666666666666666,0.75,0.5,0.2582,[0.   0.75 1.   1.  ],[0.  0.5 0.5 1. ],[1.66666667 0.66666667 0.33333333 0.        ]
DecisionTree,45,0.56364,0.625,1.0,0.5714285714285714,0.25,1.0,0.37796,[0.   0.25 1.  ],[0. 0. 1.],[2. 1. 0.]
KNN,45,0.56364,0.625,1.0,0.5714285714285714,0.25,1.0,0.37796,[0.   0.25 1.   1.  ],[0.   0.   0.75 1.  ],[1.66666667 0.66666667 0.33333333 0.        ]
OneClassSVM,45,0.56364,0.625,0.5714285714285714,1.0,1.0,0.25,0.37796,[],[],[]
LocalOutlierFactor,45,0.61905,0.625,0.6,0.6666666666666666,0.75,0.5,0.2582,[],[],[]
IsolationForest,45,1.0,1.0,1.0,1.0,1.0,1.0,1.0,[],[],[]
Xgboost,45,0.46667,0.5,0.5,0.5,0.25,0.75,0.0,[0.   0.   0.25 0.25 0.75 0.75 1.   1.  ],[0.   0.25 0.25 0.5  0.5  0.75 0.75 1.  ],"[1.8182517  0.8182517  0.8113114  0.10593194 0.06889586 0.06389979
 0.04674814 0.00422452]"
RandomForest,46,0.56364,0.625,0.5714285714285714,1.0,1.0,0.25,0.37796,[0.   0.25 0.5  1.   1.  ],[0.  0.  0.5 0.5 1. ],[1.83333333 0.83333333 0.71428571 0.57142857 0.        ]
DecisionTree,46,0.46667,0.5,0.5,0.5,0.25,0.75,0.0,[0.  0.  0.5 1. ],[0.   0.25 0.25 1.  ],[1.8        0.8        0.33333333 0.        ]
KNN,46,0.56364,0.625,1.0,0.5714285714285714,0.25,1.0,0.37796,[0.   0.25 1.   1.  ],[0.   0.   0.75 1.  ],[1.66666667 0.66666667 0.33333333 0.        ]
OneClassSVM,46,0.56364,0.625,0.5714285714285714,1.0,1.0,0.25,0.37796,[],[],[]
LocalOutlierFactor,46,0.36508,0.375,0.4,0.3333333333333333,0.5,0.25,-0.2582,[],[],[]
IsolationForest,46,0.56364,0.625,1.0,0.5714285714285714,0.25,1.0,0.37796,[],[],[]
Xgboost,46,0.33333,0.5,,0.5,0.0,1.0,0.0,[0. 0. 1. 1.],[0.   0.25 0.25 1.  ],[1.474396   0.47439602 0.36202303 0.03882684]
RandomForest,47,0.33333,0.5,,0.5,0.0,1.0,0.0,[0.   0.25 0.75 1.  ],[0.   0.25 0.75 1.  ],[1.42857143 0.42857143 0.28571429 0.        ]
DecisionTree,47,0.56364,0.625,1.0,0.5714285714285714,0.25,1.0,0.37796,[0.   0.25 1.  ],[0. 0. 1.],[2. 1. 0.]
KNN,47,0.56364,0.625,1.0,0.5714285714285714,0.25,1.0,0.37796,[0.   0.25 0.25 0.75 0.75 1.   1.  ],[0.   0.   0.25 0.25 0.75 0.75 1.  ],"[1.77156385 0.77156385 0.49085284 0.24193934 0.16892831 0.09264224
 0.        ]"
OneClassSVM,47,0.56364,0.625,0.5714285714285714,1.0,1.0,0.25,0.37796,[],[],[]
LocalOutlierFactor,47,0.75,0.75,0.75,0.75,0.75,0.75,0.5,[],[],[]
IsolationForest,47,0.73333,0.75,1.0,0.6666666666666666,0.5,1.0,0.57735,[],[],[]
Xgboost,47,0.46667,0.5,0.5,0.5,0.25,0.75,0.0,[0.   0.   0.25 0.25 0.75 0.75 1.   1.  ],[0.   0.25 0.25 0.5  0.5  0.75 0.75 1.  ],"[1.8182517  0.8182517  0.8113114  0.10593194 0.06889586 0.06389979
 0.04674814 0.00422452]"
RandomForest,48,0.56364,0.625,1.0,0.5714285714285714,0.25,1.0,0.37796,[0.   0.25 1.   1.   1.  ],[0.   0.   0.   0.25 1.  ],[1.875      0.875      0.39153439 0.33333333 0.        ]
DecisionTree,48,0.87302,0.875,1.0,0.8,0.75,1.0,0.7746,[0.   0.75 1.  ],[0. 0. 1.],[1.71428571 0.71428571 0.        ]
KNN,48,0.56364,0.625,1.0,0.5714285714285714,0.25,1.0,0.37796,[0.   0.25 1.   1.  ],[0.   0.   0.75 1.  ],[1.66666667 0.66666667 0.33333333 0.        ]
OneClassSVM,48,0.56364,0.625,0.5714285714285714,1.0,1.0,0.25,0.37796,[],[],[]
LocalOutlierFactor,48,0.61905,0.625,0.6,0.6666666666666666,0.75,0.5,0.2582,[],[],[]
IsolationForest,48,0.73333,0.75,1.0,0.6666666666666666,0.5,1.0,0.57735,[],[],[]
Xgboost,48,0.56364,0.625,1.0,0.5714285714285714,0.25,1.0,0.37796,[0.   0.25 0.25 0.75 0.75 1.   1.  ],[0.   0.   0.5  0.5  0.75 0.75 1.  ],"[1.6757752  0.6757752  0.26637647 0.19461647 0.18812454 0.17504145
 0.02266524]"
RandomForest,49,0.73333,0.75,1.0,0.6666666666666666,0.5,1.0,0.57735,[0.   0.25 0.75 0.75 1.   1.  ],[0.   0.   0.   0.75 0.75 1.  ],[1.69230769 0.69230769 0.46153846 0.15384615 0.07692308 0.        ]
DecisionTree,49,0.56364,0.625,1.0,0.5714285714285714,0.25,1.0,0.37796,[0.   0.25 1.  ],[0. 0. 1.],[2. 1. 0.]
KNN,49,0.56364,0.625,1.0,0.5714285714285714,0.25,1.0,0.37796,[0.   0.25 1.   1.  ],[0.   0.   0.75 1.  ],[1.66666667 0.66666667 0.33333333 0.        ]
OneClassSVM,49,0.56364,0.625,0.5714285714285714,1.0,1.0,0.25,0.37796,[],[],[]
LocalOutlierFactor,49,0.61905,0.625,0.6,0.6666666666666666,0.75,0.5,0.2582,[],[],[]
IsolationForest,49,0.73333,0.75,1.0,0.6666666666666666,0.5,1.0,0.57735,[],[],[]
Xgboost,49,0.56364,0.625,1.0,0.5714285714285714,0.25,1.0,0.37796,[0.   0.25 0.25 0.5  0.5  1.   1.  ],[0.   0.   0.5  0.5  0.75 0.75 1.  ],"[1.6841804  0.6841804  0.3916767  0.16690448 0.12197765 0.03830782
 0.01158074]"
