model_name,iteration,fold,F1,ROC,acc-class-1,acc-class-2,SEN,SPE,MCC,TPR,FPR
RandomForestClassifier,0,0,0.53221,0.53668,0.5,0.8484848484848485,0.09091,0.98246,0.1599,0.09090909090909091,0.01754385964912286
DecisionTree,0,0,0.53221,0.53668,0.5,0.8484848484848485,0.09091,0.98246,0.1599,0.09090909090909091,0.01754385964912286
KNN,0,0,0.51295,0.51914,0.25,0.84375,0.09091,0.94737,0.0599,0.09090909090909091,0.052631578947368474
OneClassSVM,0,0,0.39526,0.42743,0.12121212121212122,0.8,0.36364,0.49123,-0.10693,0.36363636363636365,0.5087719298245614
LocalOutlierFactor,0,0,0.47998,0.48405,0.125,0.8333333333333334,0.09091,0.87719,-0.03646,0.09090909090909091,0.1228070175438597
IsolationForest,0,0,0.4958,0.50159,0.16666666666666666,0.8387096774193549,0.09091,0.91228,0.00414,0.09090909090909091,0.08771929824561409
Xgboost,0,0,0.53221,0.53668,0.5,0.8484848484848485,0.09091,0.98246,0.1599,0.09090909090909091,0.01754385964912286
RandomForestClassifier,0,1,0.56099,0.57656,0.25,0.8653846153846154,0.36364,0.78947,0.13292,0.36363636363636365,0.21052631578947367
DecisionTree,0,1,0.50417,0.51037,0.2,0.8412698412698413,0.09091,0.92982,0.02925,0.09090909090909091,0.07017543859649122
KNN,0,1,0.58342,0.5941,0.2857142857142857,0.8703703703703703,0.36364,0.82456,0.17139,0.36363636363636365,0.17543859649122806
OneClassSVM,0,1,0.47361,0.60048,0.21052631578947367,0.9,0.72727,0.47368,0.14903,0.7272727272727273,0.5263157894736843
LocalOutlierFactor,0,1,0.56324,0.69856,0.2727272727272727,0.9428571428571428,0.81818,0.57895,0.2926,0.8181818181818182,0.42105263157894735
IsolationForest,0,1,0.76452,0.77432,0.5833333333333334,0.9285714285714286,0.63636,0.91228,0.52996,0.6363636363636364,0.08771929824561409
Xgboost,0,1,0.61582,0.60128,0.42857142857142855,0.8688524590163934,0.27273,0.92982,0.24545,0.2727272727272727,0.07017543859649122
RandomForestClassifier,1,0,0.53221,0.53668,0.5,0.8484848484848485,0.09091,0.98246,0.1599,0.09090909090909091,0.01754385964912286
DecisionTree,1,0,0.53221,0.53668,0.5,0.8484848484848485,0.09091,0.98246,0.1599,0.09090909090909091,0.01754385964912286
KNN,1,0,0.51295,0.51914,0.25,0.84375,0.09091,0.94737,0.0599,0.09090909090909091,0.052631578947368474
OneClassSVM,1,0,0.39526,0.42743,0.12121212121212122,0.8,0.36364,0.49123,-0.10693,0.36363636363636365,0.5087719298245614
LocalOutlierFactor,1,0,0.47998,0.48405,0.125,0.8333333333333334,0.09091,0.87719,-0.03646,0.09090909090909091,0.1228070175438597
IsolationForest,1,0,0.46501,0.46651,0.1,0.8275862068965517,0.09091,0.84211,-0.06965,0.09090909090909091,0.1578947368421053
Xgboost,1,0,0.53221,0.53668,0.5,0.8484848484848485,0.09091,0.98246,0.1599,0.09090909090909091,0.01754385964912286
RandomForestClassifier,1,1,0.54116,0.53828,0.25,0.85,0.18182,0.89474,0.0875,0.18181818181818182,0.10526315789473684
DecisionTree,1,1,0.50417,0.51037,0.2,0.8412698412698413,0.09091,0.92982,0.02925,0.09090909090909091,0.07017543859649122
KNN,1,1,0.58342,0.5941,0.2857142857142857,0.8703703703703703,0.36364,0.82456,0.17139,0.36363636363636365,0.17543859649122806
OneClassSVM,1,1,0.47361,0.60048,0.21052631578947367,0.9,0.72727,0.47368,0.14903,0.7272727272727273,0.5263157894736843
LocalOutlierFactor,1,1,0.56324,0.69856,0.2727272727272727,0.9428571428571428,0.81818,0.57895,0.2926,0.8181818181818182,0.42105263157894735
IsolationForest,1,1,0.8029,0.79187,0.7,0.9310344827586207,0.63636,0.94737,0.60692,0.6363636363636364,0.052631578947368474
Xgboost,1,1,0.61582,0.60128,0.42857142857142855,0.8688524590163934,0.27273,0.92982,0.24545,0.2727272727272727,0.07017543859649122
RandomForestClassifier,2,0,0.53221,0.53668,0.5,0.8484848484848485,0.09091,0.98246,0.1599,0.09090909090909091,0.01754385964912286
DecisionTree,2,0,0.53221,0.53668,0.5,0.8484848484848485,0.09091,0.98246,0.1599,0.09090909090909091,0.01754385964912286
KNN,2,0,0.51295,0.51914,0.25,0.84375,0.09091,0.94737,0.0599,0.09090909090909091,0.052631578947368474
OneClassSVM,2,0,0.39526,0.42743,0.12121212121212122,0.8,0.36364,0.49123,-0.10693,0.36363636363636365,0.5087719298245614
LocalOutlierFactor,2,0,0.47998,0.48405,0.125,0.8333333333333334,0.09091,0.87719,-0.03646,0.09090909090909091,0.1228070175438597
IsolationForest,2,0,0.47998,0.48405,0.125,0.8333333333333334,0.09091,0.87719,-0.03646,0.09090909090909091,0.1228070175438597
Xgboost,2,0,0.53221,0.53668,0.5,0.8484848484848485,0.09091,0.98246,0.1599,0.09090909090909091,0.01754385964912286
RandomForestClassifier,2,1,0.53103,0.52951,0.2222222222222222,0.847457627118644,0.18182,0.87719,0.06412,0.18181818181818182,0.1228070175438597
DecisionTree,2,1,0.53103,0.52951,0.2222222222222222,0.847457627118644,0.18182,0.87719,0.06412,0.18181818181818182,0.1228070175438597
KNN,2,1,0.60234,0.5925,0.375,0.8666666666666667,0.27273,0.91228,0.21145,0.2727272727272727,0.08771929824561409
OneClassSVM,2,1,0.47361,0.60048,0.21052631578947367,0.9,0.72727,0.47368,0.14903,0.7272727272727273,0.5263157894736843
LocalOutlierFactor,2,1,0.56324,0.69856,0.2727272727272727,0.9428571428571428,0.81818,0.57895,0.2926,0.8181818181818182,0.42105263157894735
IsolationForest,2,1,0.76552,0.74641,0.6666666666666666,0.9152542372881356,0.54545,0.94737,0.53552,0.5454545454545454,0.052631578947368474
Xgboost,2,1,0.56303,0.55582,0.3333333333333333,0.8548387096774194,0.18182,0.92982,0.14494,0.18181818181818182,0.07017543859649122
RandomForestClassifier,3,0,0.53221,0.53668,0.5,0.8484848484848485,0.09091,0.98246,0.1599,0.09090909090909091,0.01754385964912286
DecisionTree,3,0,0.53221,0.53668,0.5,0.8484848484848485,0.09091,0.98246,0.1599,0.09090909090909091,0.01754385964912286
KNN,3,0,0.51295,0.51914,0.25,0.84375,0.09091,0.94737,0.0599,0.09090909090909091,0.052631578947368474
OneClassSVM,3,0,0.39526,0.42743,0.12121212121212122,0.8,0.36364,0.49123,-0.10693,0.36363636363636365,0.5087719298245614
LocalOutlierFactor,3,0,0.47998,0.48405,0.125,0.8333333333333334,0.09091,0.87719,-0.03646,0.09090909090909091,0.1228070175438597
IsolationForest,3,0,0.50289,0.50319,0.16666666666666666,0.8392857142857143,0.18182,0.82456,0.00616,0.18181818181818182,0.17543859649122806
Xgboost,3,0,0.53221,0.53668,0.5,0.8484848484848485,0.09091,0.98246,0.1599,0.09090909090909091,0.01754385964912286
RandomForestClassifier,3,1,0.49405,0.49442,0.15384615384615385,0.8363636363636363,0.18182,0.80702,-0.01045,0.18181818181818182,0.19298245614035092
DecisionTree,3,1,0.53103,0.52951,0.2222222222222222,0.847457627118644,0.18182,0.87719,0.06412,0.18181818181818182,0.1228070175438597
KNN,3,1,0.58342,0.5941,0.2857142857142857,0.8703703703703703,0.36364,0.82456,0.17139,0.36363636363636365,0.17543859649122806
OneClassSVM,3,1,0.47361,0.60048,0.21052631578947367,0.9,0.72727,0.47368,0.14903,0.7272727272727273,0.5263157894736843
LocalOutlierFactor,3,1,0.56324,0.69856,0.2727272727272727,0.9428571428571428,0.81818,0.57895,0.2926,0.8181818181818182,0.42105263157894735
IsolationForest,3,1,0.71469,0.74801,0.4666666666666667,0.9245283018867925,0.63636,0.85965,0.4405,0.6363636363636364,0.14035087719298245
Xgboost,3,1,0.61582,0.60128,0.42857142857142855,0.8688524590163934,0.27273,0.92982,0.24545,0.2727272727272727,0.07017543859649122
RandomForestClassifier,4,0,0.53221,0.53668,0.5,0.8484848484848485,0.09091,0.98246,0.1599,0.09090909090909091,0.01754385964912286
DecisionTree,4,0,0.53221,0.53668,0.5,0.8484848484848485,0.09091,0.98246,0.1599,0.09090909090909091,0.01754385964912286
KNN,4,0,0.51295,0.51914,0.25,0.84375,0.09091,0.94737,0.0599,0.09090909090909091,0.052631578947368474
OneClassSVM,4,0,0.39526,0.42743,0.12121212121212122,0.8,0.36364,0.49123,-0.10693,0.36363636363636365,0.5087719298245614
LocalOutlierFactor,4,0,0.47998,0.48405,0.125,0.8333333333333334,0.09091,0.87719,-0.03646,0.09090909090909091,0.1228070175438597
IsolationForest,4,0,0.47241,0.47528,0.1111111111111111,0.8305084745762712,0.09091,0.85965,-0.05373,0.09090909090909091,0.14035087719298245
Xgboost,4,0,0.52225,0.52791,0.3333333333333333,0.8461538461538461,0.09091,0.96491,0.1001,0.09090909090909091,0.03508771929824561
RandomForestClassifier,4,1,0.55179,0.54705,0.2857142857142857,0.8524590163934426,0.18182,0.91228,0.11403,0.18181818181818182,0.08771929824561409
DecisionTree,4,1,0.53103,0.52951,0.2222222222222222,0.847457627118644,0.18182,0.87719,0.06412,0.18181818181818182,0.1228070175438597
KNN,4,1,0.58342,0.5941,0.2857142857142857,0.8703703703703703,0.36364,0.82456,0.17139,0.36363636363636365,0.17543859649122806
OneClassSVM,4,1,0.47361,0.60048,0.21052631578947367,0.9,0.72727,0.47368,0.14903,0.7272727272727273,0.5263157894736843
LocalOutlierFactor,4,1,0.56324,0.69856,0.2727272727272727,0.9428571428571428,0.81818,0.57895,0.2926,0.8181818181818182,0.42105263157894735
IsolationForest,4,1,0.44715,0.61085,0.20930232558139536,0.92,0.81818,0.40351,0.16931,0.8181818181818182,0.5964912280701755
Xgboost,4,1,0.58788,0.57337,0.5,0.859375,0.18182,0.96491,0.22963,0.18181818181818182,0.03508771929824561
RandomForestClassifier,5,0,0.53221,0.53668,0.5,0.8484848484848485,0.09091,0.98246,0.1599,0.09090909090909091,0.01754385964912286
DecisionTree,5,0,0.53221,0.53668,0.5,0.8484848484848485,0.09091,0.98246,0.1599,0.09090909090909091,0.01754385964912286
KNN,5,0,0.51295,0.51914,0.25,0.84375,0.09091,0.94737,0.0599,0.09090909090909091,0.052631578947368474
OneClassSVM,5,0,0.39526,0.42743,0.12121212121212122,0.8,0.36364,0.49123,-0.10693,0.36363636363636365,0.5087719298245614
LocalOutlierFactor,5,0,0.47998,0.48405,0.125,0.8333333333333334,0.09091,0.87719,-0.03646,0.09090909090909091,0.1228070175438597
IsolationForest,5,0,0.55179,0.54705,0.2857142857142857,0.8524590163934426,0.18182,0.91228,0.11403,0.18181818181818182,0.08771929824561409
Xgboost,5,0,0.53221,0.53668,0.5,0.8484848484848485,0.09091,0.98246,0.1599,0.09090909090909091,0.01754385964912286
RandomForestClassifier,5,1,0.50417,0.51037,0.2,0.8412698412698413,0.09091,0.92982,0.02925,0.09090909090909091,0.07017543859649122
DecisionTree,5,1,0.50417,0.51037,0.2,0.8412698412698413,0.09091,0.92982,0.02925,0.09090909090909091,0.07017543859649122
KNN,5,1,0.58342,0.5941,0.2857142857142857,0.8703703703703703,0.36364,0.82456,0.17139,0.36363636363636365,0.17543859649122806
OneClassSVM,5,1,0.47361,0.60048,0.21052631578947367,0.9,0.72727,0.47368,0.14903,0.7272727272727273,0.5263157894736843
LocalOutlierFactor,5,1,0.56324,0.69856,0.2727272727272727,0.9428571428571428,0.81818,0.57895,0.2926,0.8181818181818182,0.42105263157894735
IsolationForest,5,1,0.8029,0.79187,0.7,0.9310344827586207,0.63636,0.94737,0.60692,0.6363636363636364,0.052631578947368474
Xgboost,5,1,0.58788,0.57337,0.5,0.859375,0.18182,0.96491,0.22963,0.18181818181818182,0.03508771929824561
RandomForestClassifier,6,0,0.53221,0.53668,0.5,0.8484848484848485,0.09091,0.98246,0.1599,0.09090909090909091,0.01754385964912286
DecisionTree,6,0,0.53221,0.53668,0.5,0.8484848484848485,0.09091,0.98246,0.1599,0.09090909090909091,0.01754385964912286
KNN,6,0,0.51295,0.51914,0.25,0.84375,0.09091,0.94737,0.0599,0.09090909090909091,0.052631578947368474
OneClassSVM,6,0,0.39526,0.42743,0.12121212121212122,0.8,0.36364,0.49123,-0.10693,0.36363636363636365,0.5087719298245614
LocalOutlierFactor,6,0,0.47998,0.48405,0.125,0.8333333333333334,0.09091,0.87719,-0.03646,0.09090909090909091,0.1228070175438597
IsolationForest,6,0,0.48062,0.50638,0.16666666666666666,0.8409090909090909,0.36364,0.64912,0.00983,0.36363636363636365,0.3508771929824561
Xgboost,6,0,0.53221,0.53668,0.5,0.8484848484848485,0.09091,0.98246,0.1599,0.09090909090909091,0.01754385964912286
RandomForestClassifier,6,1,0.54116,0.53828,0.25,0.85,0.18182,0.89474,0.0875,0.18181818181818182,0.10526315789473684
DecisionTree,6,1,0.4958,0.50159,0.16666666666666666,0.8387096774193549,0.09091,0.91228,0.00414,0.09090909090909091,0.08771929824561409
KNN,6,1,0.58342,0.5941,0.2857142857142857,0.8703703703703703,0.36364,0.82456,0.17139,0.36363636363636365,0.17543859649122806
OneClassSVM,6,1,0.47361,0.60048,0.21052631578947367,0.9,0.72727,0.47368,0.14903,0.7272727272727273,0.5263157894736843
LocalOutlierFactor,6,1,0.56324,0.69856,0.2727272727272727,0.9428571428571428,0.81818,0.57895,0.2926,0.8181818181818182,0.42105263157894735
IsolationForest,6,1,0.76452,0.77432,0.5833333333333334,0.9285714285714286,0.63636,0.91228,0.52996,0.6363636363636364,0.08771929824561409
Xgboost,6,1,0.575,0.56459,0.4,0.8571428571428571,0.18182,0.94737,0.18226,0.18181818181818182,0.052631578947368474
RandomForestClassifier,7,0,0.53221,0.53668,0.5,0.8484848484848485,0.09091,0.98246,0.1599,0.09090909090909091,0.01754385964912286
DecisionTree,7,0,0.53221,0.53668,0.5,0.8484848484848485,0.09091,0.98246,0.1599,0.09090909090909091,0.01754385964912286
KNN,7,0,0.51295,0.51914,0.25,0.84375,0.09091,0.94737,0.0599,0.09090909090909091,0.052631578947368474
OneClassSVM,7,0,0.39526,0.42743,0.12121212121212122,0.8,0.36364,0.49123,-0.10693,0.36363636363636365,0.5087719298245614
LocalOutlierFactor,7,0,0.47998,0.48405,0.125,0.8333333333333334,0.09091,0.87719,-0.03646,0.09090909090909091,0.1228070175438597
IsolationForest,7,0,0.47241,0.47528,0.1111111111111111,0.8305084745762712,0.09091,0.85965,-0.05373,0.09090909090909091,0.14035087719298245
Xgboost,7,0,0.53221,0.53668,0.5,0.8484848484848485,0.09091,0.98246,0.1599,0.09090909090909091,0.01754385964912286
RandomForestClassifier,7,1,0.54116,0.53828,0.25,0.85,0.18182,0.89474,0.0875,0.18181818181818182,0.10526315789473684
DecisionTree,7,1,0.4958,0.50159,0.16666666666666666,0.8387096774193549,0.09091,0.91228,0.00414,0.09090909090909091,0.08771929824561409
KNN,7,1,0.58342,0.5941,0.2857142857142857,0.8703703703703703,0.36364,0.82456,0.17139,0.36363636363636365,0.17543859649122806
OneClassSVM,7,1,0.47361,0.60048,0.21052631578947367,0.9,0.72727,0.47368,0.14903,0.7272727272727273,0.5263157894736843
LocalOutlierFactor,7,1,0.56324,0.69856,0.2727272727272727,0.9428571428571428,0.81818,0.57895,0.2926,0.8181818181818182,0.42105263157894735
IsolationForest,7,1,0.78309,0.78309,0.6363636363636364,0.9298245614035088,0.63636,0.92982,0.56619,0.6363636363636364,0.07017543859649122
Xgboost,7,1,0.61582,0.60128,0.42857142857142855,0.8688524590163934,0.27273,0.92982,0.24545,0.2727272727272727,0.07017543859649122
RandomForestClassifier,8,0,0.53221,0.53668,0.5,0.8484848484848485,0.09091,0.98246,0.1599,0.09090909090909091,0.01754385964912286
DecisionTree,8,0,0.53221,0.53668,0.5,0.8484848484848485,0.09091,0.98246,0.1599,0.09090909090909091,0.01754385964912286
KNN,8,0,0.51295,0.51914,0.25,0.84375,0.09091,0.94737,0.0599,0.09090909090909091,0.052631578947368474
OneClassSVM,8,0,0.39526,0.42743,0.12121212121212122,0.8,0.36364,0.49123,-0.10693,0.36363636363636365,0.5087719298245614
LocalOutlierFactor,8,0,0.47998,0.48405,0.125,0.8333333333333334,0.09091,0.87719,-0.03646,0.09090909090909091,0.1228070175438597
IsolationForest,8,0,0.47998,0.48405,0.125,0.8333333333333334,0.09091,0.87719,-0.03646,0.09090909090909091,0.1228070175438597
Xgboost,8,0,0.53221,0.53668,0.5,0.8484848484848485,0.09091,0.98246,0.1599,0.09090909090909091,0.01754385964912286
RandomForestClassifier,8,1,0.53103,0.52951,0.2222222222222222,0.847457627118644,0.18182,0.87719,0.06412,0.18181818181818182,0.1228070175438597
DecisionTree,8,1,0.4958,0.50159,0.16666666666666666,0.8387096774193549,0.09091,0.91228,0.00414,0.09090909090909091,0.08771929824561409
KNN,8,1,0.58342,0.5941,0.2857142857142857,0.8703703703703703,0.36364,0.82456,0.17139,0.36363636363636365,0.17543859649122806
OneClassSVM,8,1,0.47361,0.60048,0.21052631578947367,0.9,0.72727,0.47368,0.14903,0.7272727272727273,0.5263157894736843
LocalOutlierFactor,8,1,0.56324,0.69856,0.2727272727272727,0.9428571428571428,0.81818,0.57895,0.2926,0.8181818181818182,0.42105263157894735
IsolationForest,8,1,0.8029,0.79187,0.7,0.9310344827586207,0.63636,0.94737,0.60692,0.6363636363636364,0.052631578947368474
Xgboost,8,1,0.575,0.56459,0.4,0.8571428571428571,0.18182,0.94737,0.18226,0.18181818181818182,0.052631578947368474
RandomForestClassifier,9,0,0.53221,0.53668,0.5,0.8484848484848485,0.09091,0.98246,0.1599,0.09090909090909091,0.01754385964912286
DecisionTree,9,0,0.53221,0.53668,0.5,0.8484848484848485,0.09091,0.98246,0.1599,0.09090909090909091,0.01754385964912286
KNN,9,0,0.51295,0.51914,0.25,0.84375,0.09091,0.94737,0.0599,0.09090909090909091,0.052631578947368474
OneClassSVM,9,0,0.39526,0.42743,0.12121212121212122,0.8,0.36364,0.49123,-0.10693,0.36363636363636365,0.5087719298245614
LocalOutlierFactor,9,0,0.47998,0.48405,0.125,0.8333333333333334,0.09091,0.87719,-0.03646,0.09090909090909091,0.1228070175438597
IsolationForest,9,0,0.49405,0.49442,0.15384615384615385,0.8363636363636363,0.18182,0.80702,-0.01045,0.18181818181818182,0.19298245614035092
Xgboost,9,0,0.53221,0.53668,0.5,0.8484848484848485,0.09091,0.98246,0.1599,0.09090909090909091,0.01754385964912286
RandomForestClassifier,9,1,0.55179,0.54705,0.2857142857142857,0.8524590163934426,0.18182,0.91228,0.11403,0.18181818181818182,0.08771929824561409
DecisionTree,9,1,0.56099,0.57656,0.25,0.8653846153846154,0.36364,0.78947,0.13292,0.36363636363636365,0.21052631578947367
KNN,9,1,0.58342,0.5941,0.2857142857142857,0.8703703703703703,0.36364,0.82456,0.17139,0.36363636363636365,0.17543859649122806
OneClassSVM,9,1,0.47361,0.60048,0.21052631578947367,0.9,0.72727,0.47368,0.14903,0.7272727272727273,0.5263157894736843
LocalOutlierFactor,9,1,0.56324,0.69856,0.2727272727272727,0.9428571428571428,0.81818,0.57895,0.2926,0.8181818181818182,0.42105263157894735
IsolationForest,9,1,0.78309,0.78309,0.6363636363636364,0.9298245614035088,0.63636,0.92982,0.56619,0.6363636363636364,0.07017543859649122
Xgboost,9,1,0.56303,0.55582,0.3333333333333333,0.8548387096774194,0.18182,0.92982,0.14494,0.18181818181818182,0.07017543859649122
RandomForestClassifier,10,0,0.53221,0.53668,0.5,0.8484848484848485,0.09091,0.98246,0.1599,0.09090909090909091,0.01754385964912286
DecisionTree,10,0,0.53221,0.53668,0.5,0.8484848484848485,0.09091,0.98246,0.1599,0.09090909090909091,0.01754385964912286
KNN,10,0,0.51295,0.51914,0.25,0.84375,0.09091,0.94737,0.0599,0.09090909090909091,0.052631578947368474
OneClassSVM,10,0,0.39526,0.42743,0.12121212121212122,0.8,0.36364,0.49123,-0.10693,0.36363636363636365,0.5087719298245614
LocalOutlierFactor,10,0,0.47998,0.48405,0.125,0.8333333333333334,0.09091,0.87719,-0.03646,0.09090909090909091,0.1228070175438597
IsolationForest,10,0,0.47241,0.47528,0.1111111111111111,0.8305084745762712,0.09091,0.85965,-0.05373,0.09090909090909091,0.14035087719298245
Xgboost,10,0,0.52225,0.52791,0.3333333333333333,0.8461538461538461,0.09091,0.96491,0.1001,0.09090909090909091,0.03508771929824561
RandomForestClassifier,10,1,0.56099,0.57656,0.25,0.8653846153846154,0.36364,0.78947,0.13292,0.36363636363636365,0.21052631578947367
DecisionTree,10,1,0.4958,0.50159,0.16666666666666666,0.8387096774193549,0.09091,0.91228,0.00414,0.09090909090909091,0.08771929824561409
KNN,10,1,0.58342,0.5941,0.2857142857142857,0.8703703703703703,0.36364,0.82456,0.17139,0.36363636363636365,0.17543859649122806
OneClassSVM,10,1,0.47361,0.60048,0.21052631578947367,0.9,0.72727,0.47368,0.14903,0.7272727272727273,0.5263157894736843
LocalOutlierFactor,10,1,0.56324,0.69856,0.2727272727272727,0.9428571428571428,0.81818,0.57895,0.2926,0.8181818181818182,0.42105263157894735
IsolationForest,10,1,0.8029,0.79187,0.7,0.9310344827586207,0.63636,0.94737,0.60692,0.6363636363636364,0.052631578947368474
Xgboost,10,1,0.56303,0.55582,0.3333333333333333,0.8548387096774194,0.18182,0.92982,0.14494,0.18181818181818182,0.07017543859649122
RandomForestClassifier,11,0,0.53221,0.53668,0.5,0.8484848484848485,0.09091,0.98246,0.1599,0.09090909090909091,0.01754385964912286
DecisionTree,11,0,0.53221,0.53668,0.5,0.8484848484848485,0.09091,0.98246,0.1599,0.09090909090909091,0.01754385964912286
KNN,11,0,0.51295,0.51914,0.25,0.84375,0.09091,0.94737,0.0599,0.09090909090909091,0.052631578947368474
OneClassSVM,11,0,0.39526,0.42743,0.12121212121212122,0.8,0.36364,0.49123,-0.10693,0.36363636363636365,0.5087719298245614
LocalOutlierFactor,11,0,0.47998,0.48405,0.125,0.8333333333333334,0.09091,0.87719,-0.03646,0.09090909090909091,0.1228070175438597
IsolationForest,11,0,0.48776,0.49282,0.14285714285714285,0.8360655737704918,0.09091,0.89474,-0.01739,0.09090909090909091,0.10526315789473684
Xgboost,11,0,0.45161,0.49123,0.0,0.835820895522388,0.0,0.98246,-0.05367,0.0,0.01754385964912286
RandomForestClassifier,11,1,0.48776,0.49282,0.14285714285714285,0.8360655737704918,0.09091,0.89474,-0.01739,0.09090909090909091,0.10526315789473684
DecisionTree,11,1,0.53103,0.52951,0.2222222222222222,0.847457627118644,0.18182,0.87719,0.06412,0.18181818181818182,0.1228070175438597
KNN,11,1,0.58342,0.5941,0.2857142857142857,0.8703703703703703,0.36364,0.82456,0.17139,0.36363636363636365,0.17543859649122806
OneClassSVM,11,1,0.47361,0.60048,0.21052631578947367,0.9,0.72727,0.47368,0.14903,0.7272727272727273,0.5263157894736843
LocalOutlierFactor,11,1,0.56324,0.69856,0.2727272727272727,0.9428571428571428,0.81818,0.57895,0.2926,0.8181818181818182,0.42105263157894735
IsolationForest,11,1,0.8029,0.79187,0.7,0.9310344827586207,0.63636,0.94737,0.60692,0.6363636363636364,0.052631578947368474
Xgboost,11,1,0.58788,0.57337,0.5,0.859375,0.18182,0.96491,0.22963,0.18181818181818182,0.03508771929824561
RandomForestClassifier,12,0,0.53221,0.53668,0.5,0.8484848484848485,0.09091,0.98246,0.1599,0.09090909090909091,0.01754385964912286
DecisionTree,12,0,0.53221,0.53668,0.5,0.8484848484848485,0.09091,0.98246,0.1599,0.09090909090909091,0.01754385964912286
KNN,12,0,0.51295,0.51914,0.25,0.84375,0.09091,0.94737,0.0599,0.09090909090909091,0.052631578947368474
OneClassSVM,12,0,0.39526,0.42743,0.12121212121212122,0.8,0.36364,0.49123,-0.10693,0.36363636363636365,0.5087719298245614
LocalOutlierFactor,12,0,0.47998,0.48405,0.125,0.8333333333333334,0.09091,0.87719,-0.03646,0.09090909090909091,0.1228070175438597
IsolationForest,12,0,0.4958,0.50159,0.16666666666666666,0.8387096774193549,0.09091,0.91228,0.00414,0.09090909090909091,0.08771929824561409
Xgboost,12,0,0.53221,0.53668,0.5,0.8484848484848485,0.09091,0.98246,0.1599,0.09090909090909091,0.01754385964912286
RandomForestClassifier,12,1,0.49405,0.49442,0.15384615384615385,0.8363636363636363,0.18182,0.80702,-0.01045,0.18181818181818182,0.19298245614035092
DecisionTree,12,1,0.4958,0.50159,0.16666666666666666,0.8387096774193549,0.09091,0.91228,0.00414,0.09090909090909091,0.08771929824561409
KNN,12,1,0.58342,0.5941,0.2857142857142857,0.8703703703703703,0.36364,0.82456,0.17139,0.36363636363636365,0.17543859649122806
OneClassSVM,12,1,0.47361,0.60048,0.21052631578947367,0.9,0.72727,0.47368,0.14903,0.7272727272727273,0.5263157894736843
LocalOutlierFactor,12,1,0.56324,0.69856,0.2727272727272727,0.9428571428571428,0.81818,0.57895,0.2926,0.8181818181818182,0.42105263157894735
IsolationForest,12,1,0.8029,0.79187,0.7,0.9310344827586207,0.63636,0.94737,0.60692,0.6363636363636364,0.052631578947368474
Xgboost,12,1,0.4958,0.50159,0.16666666666666666,0.8387096774193549,0.09091,0.91228,0.00414,0.09090909090909091,0.08771929824561409
RandomForestClassifier,13,0,0.53221,0.53668,0.5,0.8484848484848485,0.09091,0.98246,0.1599,0.09090909090909091,0.01754385964912286
DecisionTree,13,0,0.53221,0.53668,0.5,0.8484848484848485,0.09091,0.98246,0.1599,0.09090909090909091,0.01754385964912286
KNN,13,0,0.51295,0.51914,0.25,0.84375,0.09091,0.94737,0.0599,0.09090909090909091,0.052631578947368474
OneClassSVM,13,0,0.39526,0.42743,0.12121212121212122,0.8,0.36364,0.49123,-0.10693,0.36363636363636365,0.5087719298245614
LocalOutlierFactor,13,0,0.47998,0.48405,0.125,0.8333333333333334,0.09091,0.87719,-0.03646,0.09090909090909091,0.1228070175438597
IsolationForest,13,0,0.50417,0.51037,0.2,0.8412698412698413,0.09091,0.92982,0.02925,0.09090909090909091,0.07017543859649122
Xgboost,13,0,0.53221,0.53668,0.5,0.8484848484848485,0.09091,0.98246,0.1599,0.09090909090909091,0.01754385964912286
RandomForestClassifier,13,1,0.48541,0.48565,0.14285714285714285,0.8333333333333334,0.18182,0.78947,-0.02614,0.18181818181818182,0.21052631578947367
DecisionTree,13,1,0.53103,0.52951,0.2222222222222222,0.847457627118644,0.18182,0.87719,0.06412,0.18181818181818182,0.1228070175438597
KNN,13,1,0.58342,0.5941,0.2857142857142857,0.8703703703703703,0.36364,0.82456,0.17139,0.36363636363636365,0.17543859649122806
OneClassSVM,13,1,0.47361,0.60048,0.21052631578947367,0.9,0.72727,0.47368,0.14903,0.7272727272727273,0.5263157894736843
LocalOutlierFactor,13,1,0.56324,0.69856,0.2727272727272727,0.9428571428571428,0.81818,0.57895,0.2926,0.8181818181818182,0.42105263157894735
IsolationForest,13,1,0.8029,0.79187,0.7,0.9310344827586207,0.63636,0.94737,0.60692,0.6363636363636364,0.052631578947368474
Xgboost,13,1,0.56303,0.55582,0.3333333333333333,0.8548387096774194,0.18182,0.92982,0.14494,0.18181818181818182,0.07017543859649122
RandomForestClassifier,14,0,0.53221,0.53668,0.5,0.8484848484848485,0.09091,0.98246,0.1599,0.09090909090909091,0.01754385964912286
DecisionTree,14,0,0.53221,0.53668,0.5,0.8484848484848485,0.09091,0.98246,0.1599,0.09090909090909091,0.01754385964912286
KNN,14,0,0.51295,0.51914,0.25,0.84375,0.09091,0.94737,0.0599,0.09090909090909091,0.052631578947368474
OneClassSVM,14,0,0.39526,0.42743,0.12121212121212122,0.8,0.36364,0.49123,-0.10693,0.36363636363636365,0.5087719298245614
LocalOutlierFactor,14,0,0.47998,0.48405,0.125,0.8333333333333334,0.09091,0.87719,-0.03646,0.09090909090909091,0.1228070175438597
IsolationForest,14,0,0.46501,0.46651,0.1,0.8275862068965517,0.09091,0.84211,-0.06965,0.09090909090909091,0.1578947368421053
Xgboost,14,0,0.45161,0.49123,0.0,0.835820895522388,0.0,0.98246,-0.05367,0.0,0.01754385964912286
RandomForestClassifier,14,1,0.53103,0.52951,0.2222222222222222,0.847457627118644,0.18182,0.87719,0.06412,0.18181818181818182,0.1228070175438597
DecisionTree,14,1,0.67298,0.77751,0.375,0.9545454545454546,0.81818,0.73684,0.42767,0.8181818181818182,0.26315789473684215
KNN,14,1,0.58342,0.5941,0.2857142857142857,0.8703703703703703,0.36364,0.82456,0.17139,0.36363636363636365,0.17543859649122806
OneClassSVM,14,1,0.47361,0.60048,0.21052631578947367,0.9,0.72727,0.47368,0.14903,0.7272727272727273,0.5263157894736843
LocalOutlierFactor,14,1,0.56324,0.69856,0.2727272727272727,0.9428571428571428,0.81818,0.57895,0.2926,0.8181818181818182,0.42105263157894735
IsolationForest,14,1,0.76452,0.77432,0.5833333333333334,0.9285714285714286,0.63636,0.91228,0.52996,0.6363636363636364,0.08771929824561409
Xgboost,14,1,0.4958,0.50159,0.16666666666666666,0.8387096774193549,0.09091,0.91228,0.00414,0.09090909090909091,0.08771929824561409
RandomForestClassifier,15,0,0.53221,0.53668,0.5,0.8484848484848485,0.09091,0.98246,0.1599,0.09090909090909091,0.01754385964912286
DecisionTree,15,0,0.53221,0.53668,0.5,0.8484848484848485,0.09091,0.98246,0.1599,0.09090909090909091,0.01754385964912286
KNN,15,0,0.51295,0.51914,0.25,0.84375,0.09091,0.94737,0.0599,0.09090909090909091,0.052631578947368474
OneClassSVM,15,0,0.39526,0.42743,0.12121212121212122,0.8,0.36364,0.49123,-0.10693,0.36363636363636365,0.5087719298245614
LocalOutlierFactor,15,0,0.47998,0.48405,0.125,0.8333333333333334,0.09091,0.87719,-0.03646,0.09090909090909091,0.1228070175438597
IsolationForest,15,0,0.52133,0.52073,0.2,0.8448275862068966,0.18182,0.85965,0.04311,0.18181818181818182,0.14035087719298245
Xgboost,15,0,0.53221,0.53668,0.5,0.8484848484848485,0.09091,0.98246,0.1599,0.09090909090909091,0.01754385964912286
RandomForestClassifier,15,1,0.48776,0.49282,0.14285714285714285,0.8360655737704918,0.09091,0.89474,-0.01739,0.09090909090909091,0.10526315789473684
DecisionTree,15,1,0.50417,0.51037,0.2,0.8412698412698413,0.09091,0.92982,0.02925,0.09090909090909091,0.07017543859649122
KNN,15,1,0.58342,0.5941,0.2857142857142857,0.8703703703703703,0.36364,0.82456,0.17139,0.36363636363636365,0.17543859649122806
OneClassSVM,15,1,0.47361,0.60048,0.21052631578947367,0.9,0.72727,0.47368,0.14903,0.7272727272727273,0.5263157894736843
LocalOutlierFactor,15,1,0.56324,0.69856,0.2727272727272727,0.9428571428571428,0.81818,0.57895,0.2926,0.8181818181818182,0.42105263157894735
IsolationForest,15,1,0.8029,0.79187,0.7,0.9310344827586207,0.63636,0.94737,0.60692,0.6363636363636364,0.052631578947368474
Xgboost,15,1,0.56303,0.55582,0.3333333333333333,0.8548387096774194,0.18182,0.92982,0.14494,0.18181818181818182,0.07017543859649122
RandomForestClassifier,16,0,0.53221,0.53668,0.5,0.8484848484848485,0.09091,0.98246,0.1599,0.09090909090909091,0.01754385964912286
DecisionTree,16,0,0.53221,0.53668,0.5,0.8484848484848485,0.09091,0.98246,0.1599,0.09090909090909091,0.01754385964912286
KNN,16,0,0.51295,0.51914,0.25,0.84375,0.09091,0.94737,0.0599,0.09090909090909091,0.052631578947368474
OneClassSVM,16,0,0.39526,0.42743,0.12121212121212122,0.8,0.36364,0.49123,-0.10693,0.36363636363636365,0.5087719298245614
LocalOutlierFactor,16,0,0.47998,0.48405,0.125,0.8333333333333334,0.09091,0.87719,-0.03646,0.09090909090909091,0.1228070175438597
IsolationForest,16,0,0.50289,0.50319,0.16666666666666666,0.8392857142857143,0.18182,0.82456,0.00616,0.18181818181818182,0.17543859649122806
Xgboost,16,0,0.53221,0.53668,0.5,0.8484848484848485,0.09091,0.98246,0.1599,0.09090909090909091,0.01754385964912286
RandomForestClassifier,16,1,0.50417,0.51037,0.2,0.8412698412698413,0.09091,0.92982,0.02925,0.09090909090909091,0.07017543859649122
DecisionTree,16,1,0.4958,0.50159,0.16666666666666666,0.8387096774193549,0.09091,0.91228,0.00414,0.09090909090909091,0.08771929824561409
KNN,16,1,0.58342,0.5941,0.2857142857142857,0.8703703703703703,0.36364,0.82456,0.17139,0.36363636363636365,0.17543859649122806
OneClassSVM,16,1,0.47361,0.60048,0.21052631578947367,0.9,0.72727,0.47368,0.14903,0.7272727272727273,0.5263157894736843
LocalOutlierFactor,16,1,0.56324,0.69856,0.2727272727272727,0.9428571428571428,0.81818,0.57895,0.2926,0.8181818181818182,0.42105263157894735
IsolationForest,16,1,0.575,0.67943,0.27586206896551724,0.9230769230769231,0.72727,0.63158,0.26719,0.7272727272727273,0.368421052631579
Xgboost,16,1,0.56303,0.55582,0.3333333333333333,0.8548387096774194,0.18182,0.92982,0.14494,0.18181818181818182,0.07017543859649122
RandomForestClassifier,17,0,0.53221,0.53668,0.5,0.8484848484848485,0.09091,0.98246,0.1599,0.09090909090909091,0.01754385964912286
DecisionTree,17,0,0.53221,0.53668,0.5,0.8484848484848485,0.09091,0.98246,0.1599,0.09090909090909091,0.01754385964912286
KNN,17,0,0.51295,0.51914,0.25,0.84375,0.09091,0.94737,0.0599,0.09090909090909091,0.052631578947368474
OneClassSVM,17,0,0.39526,0.42743,0.12121212121212122,0.8,0.36364,0.49123,-0.10693,0.36363636363636365,0.5087719298245614
LocalOutlierFactor,17,0,0.47998,0.48405,0.125,0.8333333333333334,0.09091,0.87719,-0.03646,0.09090909090909091,0.1228070175438597
IsolationForest,17,0,0.48776,0.49282,0.14285714285714285,0.8360655737704918,0.09091,0.89474,-0.01739,0.09090909090909091,0.10526315789473684
Xgboost,17,0,0.53221,0.53668,0.5,0.8484848484848485,0.09091,0.98246,0.1599,0.09090909090909091,0.01754385964912286
RandomForestClassifier,17,1,0.54116,0.53828,0.25,0.85,0.18182,0.89474,0.0875,0.18181818181818182,0.10526315789473684
DecisionTree,17,1,0.56099,0.57656,0.25,0.8653846153846154,0.36364,0.78947,0.13292,0.36363636363636365,0.21052631578947367
KNN,17,1,0.58342,0.5941,0.2857142857142857,0.8703703703703703,0.36364,0.82456,0.17139,0.36363636363636365,0.17543859649122806
OneClassSVM,17,1,0.47361,0.60048,0.21052631578947367,0.9,0.72727,0.47368,0.14903,0.7272727272727273,0.5263157894736843
LocalOutlierFactor,17,1,0.56324,0.69856,0.2727272727272727,0.9428571428571428,0.81818,0.57895,0.2926,0.8181818181818182,0.42105263157894735
IsolationForest,17,1,0.8029,0.79187,0.7,0.9310344827586207,0.63636,0.94737,0.60692,0.6363636363636364,0.052631578947368474
Xgboost,17,1,0.58788,0.57337,0.5,0.859375,0.18182,0.96491,0.22963,0.18181818181818182,0.03508771929824561
RandomForestClassifier,18,0,0.53221,0.53668,0.5,0.8484848484848485,0.09091,0.98246,0.1599,0.09090909090909091,0.01754385964912286
DecisionTree,18,0,0.53221,0.53668,0.5,0.8484848484848485,0.09091,0.98246,0.1599,0.09090909090909091,0.01754385964912286
KNN,18,0,0.51295,0.51914,0.25,0.84375,0.09091,0.94737,0.0599,0.09090909090909091,0.052631578947368474
OneClassSVM,18,0,0.39526,0.42743,0.12121212121212122,0.8,0.36364,0.49123,-0.10693,0.36363636363636365,0.5087719298245614
LocalOutlierFactor,18,0,0.47998,0.48405,0.125,0.8333333333333334,0.09091,0.87719,-0.03646,0.09090909090909091,0.1228070175438597
IsolationForest,18,0,0.54116,0.53828,0.25,0.85,0.18182,0.89474,0.0875,0.18181818181818182,0.10526315789473684
Xgboost,18,0,0.53221,0.53668,0.5,0.8484848484848485,0.09091,0.98246,0.1599,0.09090909090909091,0.01754385964912286
RandomForestClassifier,18,1,0.53441,0.53987,0.21428571428571427,0.8518518518518519,0.27273,0.80702,0.07262,0.2727272727272727,0.19298245614035092
DecisionTree,18,1,0.4958,0.50159,0.16666666666666666,0.8387096774193549,0.09091,0.91228,0.00414,0.09090909090909091,0.08771929824561409
KNN,18,1,0.58342,0.5941,0.2857142857142857,0.8703703703703703,0.36364,0.82456,0.17139,0.36363636363636365,0.17543859649122806
OneClassSVM,18,1,0.47361,0.60048,0.21052631578947367,0.9,0.72727,0.47368,0.14903,0.7272727272727273,0.5263157894736843
LocalOutlierFactor,18,1,0.56324,0.69856,0.2727272727272727,0.9428571428571428,0.81818,0.57895,0.2926,0.8181818181818182,0.42105263157894735
IsolationForest,18,1,0.73045,0.75678,0.5,0.9259259259259259,0.63636,0.87719,0.46769,0.6363636363636364,0.1228070175438597
Xgboost,18,1,0.56303,0.55582,0.3333333333333333,0.8548387096774194,0.18182,0.92982,0.14494,0.18181818181818182,0.07017543859649122
RandomForestClassifier,19,0,0.53221,0.53668,0.5,0.8484848484848485,0.09091,0.98246,0.1599,0.09090909090909091,0.01754385964912286
DecisionTree,19,0,0.53221,0.53668,0.5,0.8484848484848485,0.09091,0.98246,0.1599,0.09090909090909091,0.01754385964912286
KNN,19,0,0.51295,0.51914,0.25,0.84375,0.09091,0.94737,0.0599,0.09090909090909091,0.052631578947368474
OneClassSVM,19,0,0.39526,0.42743,0.12121212121212122,0.8,0.36364,0.49123,-0.10693,0.36363636363636365,0.5087719298245614
LocalOutlierFactor,19,0,0.47998,0.48405,0.125,0.8333333333333334,0.09091,0.87719,-0.03646,0.09090909090909091,0.1228070175438597
IsolationForest,19,0,0.47998,0.48405,0.125,0.8333333333333334,0.09091,0.87719,-0.03646,0.09090909090909091,0.1228070175438597
Xgboost,19,0,0.45161,0.49123,0.0,0.835820895522388,0.0,0.98246,-0.05367,0.0,0.01754385964912286
RandomForestClassifier,19,1,0.55026,0.56778,0.23529411764705882,0.8627450980392157,0.36364,0.77193,0.11529,0.36363636363636365,0.22807017543859653
DecisionTree,19,1,0.4958,0.50159,0.16666666666666666,0.8387096774193549,0.09091,0.91228,0.00414,0.09090909090909091,0.08771929824561409
KNN,19,1,0.58342,0.5941,0.2857142857142857,0.8703703703703703,0.36364,0.82456,0.17139,0.36363636363636365,0.17543859649122806
OneClassSVM,19,1,0.47361,0.60048,0.21052631578947367,0.9,0.72727,0.47368,0.14903,0.7272727272727273,0.5263157894736843
LocalOutlierFactor,19,1,0.56324,0.69856,0.2727272727272727,0.9428571428571428,0.81818,0.57895,0.2926,0.8181818181818182,0.42105263157894735
IsolationForest,19,1,0.73045,0.75678,0.5,0.9259259259259259,0.63636,0.87719,0.46769,0.6363636363636364,0.1228070175438597
Xgboost,19,1,0.56303,0.55582,0.3333333333333333,0.8548387096774194,0.18182,0.92982,0.14494,0.18181818181818182,0.07017543859649122
RandomForestClassifier,20,0,0.53221,0.53668,0.5,0.8484848484848485,0.09091,0.98246,0.1599,0.09090909090909091,0.01754385964912286
DecisionTree,20,0,0.53221,0.53668,0.5,0.8484848484848485,0.09091,0.98246,0.1599,0.09090909090909091,0.01754385964912286
KNN,20,0,0.51295,0.51914,0.25,0.84375,0.09091,0.94737,0.0599,0.09090909090909091,0.052631578947368474
OneClassSVM,20,0,0.39526,0.42743,0.12121212121212122,0.8,0.36364,0.49123,-0.10693,0.36363636363636365,0.5087719298245614
LocalOutlierFactor,20,0,0.47998,0.48405,0.125,0.8333333333333334,0.09091,0.87719,-0.03646,0.09090909090909091,0.1228070175438597
IsolationForest,20,0,0.48776,0.49282,0.14285714285714285,0.8360655737704918,0.09091,0.89474,-0.01739,0.09090909090909091,0.10526315789473684
Xgboost,20,0,0.45161,0.49123,0.0,0.835820895522388,0.0,0.98246,-0.05367,0.0,0.01754385964912286
RandomForestClassifier,20,1,0.55026,0.56778,0.23529411764705882,0.8627450980392157,0.36364,0.77193,0.11529,0.36363636363636365,0.22807017543859653
DecisionTree,20,1,0.67298,0.77751,0.375,0.9545454545454546,0.81818,0.73684,0.42767,0.8181818181818182,0.26315789473684215
KNN,20,1,0.58342,0.5941,0.2857142857142857,0.8703703703703703,0.36364,0.82456,0.17139,0.36363636363636365,0.17543859649122806
OneClassSVM,20,1,0.47361,0.60048,0.21052631578947367,0.9,0.72727,0.47368,0.14903,0.7272727272727273,0.5263157894736843
LocalOutlierFactor,20,1,0.56324,0.69856,0.2727272727272727,0.9428571428571428,0.81818,0.57895,0.2926,0.8181818181818182,0.42105263157894735
IsolationForest,20,1,0.78309,0.78309,0.6363636363636364,0.9298245614035088,0.63636,0.92982,0.56619,0.6363636363636364,0.07017543859649122
Xgboost,20,1,0.58788,0.57337,0.5,0.859375,0.18182,0.96491,0.22963,0.18181818181818182,0.03508771929824561
RandomForestClassifier,21,0,0.53221,0.53668,0.5,0.8484848484848485,0.09091,0.98246,0.1599,0.09090909090909091,0.01754385964912286
DecisionTree,21,0,0.53221,0.53668,0.5,0.8484848484848485,0.09091,0.98246,0.1599,0.09090909090909091,0.01754385964912286
KNN,21,0,0.51295,0.51914,0.25,0.84375,0.09091,0.94737,0.0599,0.09090909090909091,0.052631578947368474
OneClassSVM,21,0,0.39526,0.42743,0.12121212121212122,0.8,0.36364,0.49123,-0.10693,0.36363636363636365,0.5087719298245614
LocalOutlierFactor,21,0,0.47998,0.48405,0.125,0.8333333333333334,0.09091,0.87719,-0.03646,0.09090909090909091,0.1228070175438597
IsolationForest,21,0,0.47998,0.48405,0.125,0.8333333333333334,0.09091,0.87719,-0.03646,0.09090909090909091,0.1228070175438597
Xgboost,21,0,0.53221,0.53668,0.5,0.8484848484848485,0.09091,0.98246,0.1599,0.09090909090909091,0.01754385964912286
RandomForestClassifier,21,1,0.50417,0.51037,0.2,0.8412698412698413,0.09091,0.92982,0.02925,0.09090909090909091,0.07017543859649122
DecisionTree,21,1,0.53103,0.52951,0.2222222222222222,0.847457627118644,0.18182,0.87719,0.06412,0.18181818181818182,0.1228070175438597
KNN,21,1,0.58342,0.5941,0.2857142857142857,0.8703703703703703,0.36364,0.82456,0.17139,0.36363636363636365,0.17543859649122806
OneClassSVM,21,1,0.47361,0.60048,0.21052631578947367,0.9,0.72727,0.47368,0.14903,0.7272727272727273,0.5263157894736843
LocalOutlierFactor,21,1,0.56324,0.69856,0.2727272727272727,0.9428571428571428,0.81818,0.57895,0.2926,0.8181818181818182,0.42105263157894735
IsolationForest,21,1,0.76552,0.74641,0.6666666666666666,0.9152542372881356,0.54545,0.94737,0.53552,0.5454545454545454,0.052631578947368474
Xgboost,21,1,0.4958,0.50159,0.16666666666666666,0.8387096774193549,0.09091,0.91228,0.00414,0.09090909090909091,0.08771929824561409
RandomForestClassifier,22,0,0.53221,0.53668,0.5,0.8484848484848485,0.09091,0.98246,0.1599,0.09090909090909091,0.01754385964912286
DecisionTree,22,0,0.53221,0.53668,0.5,0.8484848484848485,0.09091,0.98246,0.1599,0.09090909090909091,0.01754385964912286
KNN,22,0,0.51295,0.51914,0.25,0.84375,0.09091,0.94737,0.0599,0.09090909090909091,0.052631578947368474
OneClassSVM,22,0,0.39526,0.42743,0.12121212121212122,0.8,0.36364,0.49123,-0.10693,0.36363636363636365,0.5087719298245614
LocalOutlierFactor,22,0,0.47998,0.48405,0.125,0.8333333333333334,0.09091,0.87719,-0.03646,0.09090909090909091,0.1228070175438597
IsolationForest,22,0,0.47998,0.48405,0.125,0.8333333333333334,0.09091,0.87719,-0.03646,0.09090909090909091,0.1228070175438597
Xgboost,22,0,0.53221,0.53668,0.5,0.8484848484848485,0.09091,0.98246,0.1599,0.09090909090909091,0.01754385964912286
RandomForestClassifier,22,1,0.55179,0.54705,0.2857142857142857,0.8524590163934426,0.18182,0.91228,0.11403,0.18181818181818182,0.08771929824561409
DecisionTree,22,1,0.67298,0.77751,0.375,0.9545454545454546,0.81818,0.73684,0.42767,0.8181818181818182,0.26315789473684215
KNN,22,1,0.58342,0.5941,0.2857142857142857,0.8703703703703703,0.36364,0.82456,0.17139,0.36363636363636365,0.17543859649122806
OneClassSVM,22,1,0.47361,0.60048,0.21052631578947367,0.9,0.72727,0.47368,0.14903,0.7272727272727273,0.5263157894736843
LocalOutlierFactor,22,1,0.56324,0.69856,0.2727272727272727,0.9428571428571428,0.81818,0.57895,0.2926,0.8181818181818182,0.42105263157894735
IsolationForest,22,1,0.69963,0.73923,0.4375,0.9230769230769231,0.63636,0.84211,0.41536,0.6363636363636364,0.1578947368421053
Xgboost,22,1,0.57764,0.57496,0.3,0.8620689655172413,0.27273,0.87719,0.15588,0.2727272727272727,0.1228070175438597
RandomForestClassifier,23,0,0.53221,0.53668,0.5,0.8484848484848485,0.09091,0.98246,0.1599,0.09090909090909091,0.01754385964912286
DecisionTree,23,0,0.53221,0.53668,0.5,0.8484848484848485,0.09091,0.98246,0.1599,0.09090909090909091,0.01754385964912286
KNN,23,0,0.51295,0.51914,0.25,0.84375,0.09091,0.94737,0.0599,0.09090909090909091,0.052631578947368474
OneClassSVM,23,0,0.39526,0.42743,0.12121212121212122,0.8,0.36364,0.49123,-0.10693,0.36363636363636365,0.5087719298245614
LocalOutlierFactor,23,0,0.47998,0.48405,0.125,0.8333333333333334,0.09091,0.87719,-0.03646,0.09090909090909091,0.1228070175438597
IsolationForest,23,0,0.47998,0.48405,0.125,0.8333333333333334,0.09091,0.87719,-0.03646,0.09090909090909091,0.1228070175438597
Xgboost,23,0,0.53221,0.53668,0.5,0.8484848484848485,0.09091,0.98246,0.1599,0.09090909090909091,0.01754385964912286
RandomForestClassifier,23,1,0.48776,0.49282,0.14285714285714285,0.8360655737704918,0.09091,0.89474,-0.01739,0.09090909090909091,0.10526315789473684
DecisionTree,23,1,0.56099,0.57656,0.25,0.8653846153846154,0.36364,0.78947,0.13292,0.36363636363636365,0.21052631578947367
KNN,23,1,0.58342,0.5941,0.2857142857142857,0.8703703703703703,0.36364,0.82456,0.17139,0.36363636363636365,0.17543859649122806
OneClassSVM,23,1,0.47361,0.60048,0.21052631578947367,0.9,0.72727,0.47368,0.14903,0.7272727272727273,0.5263157894736843
LocalOutlierFactor,23,1,0.56324,0.69856,0.2727272727272727,0.9428571428571428,0.81818,0.57895,0.2926,0.8181818181818182,0.42105263157894735
IsolationForest,23,1,0.50551,0.6547,0.23684210526315788,0.9333333333333333,0.81818,0.49123,0.22946,0.8181818181818182,0.5087719298245614
Xgboost,23,1,0.56303,0.55582,0.3333333333333333,0.8548387096774194,0.18182,0.92982,0.14494,0.18181818181818182,0.07017543859649122
RandomForestClassifier,24,0,0.53221,0.53668,0.5,0.8484848484848485,0.09091,0.98246,0.1599,0.09090909090909091,0.01754385964912286
DecisionTree,24,0,0.53221,0.53668,0.5,0.8484848484848485,0.09091,0.98246,0.1599,0.09090909090909091,0.01754385964912286
KNN,24,0,0.51295,0.51914,0.25,0.84375,0.09091,0.94737,0.0599,0.09090909090909091,0.052631578947368474
OneClassSVM,24,0,0.39526,0.42743,0.12121212121212122,0.8,0.36364,0.49123,-0.10693,0.36363636363636365,0.5087719298245614
LocalOutlierFactor,24,0,0.47998,0.48405,0.125,0.8333333333333334,0.09091,0.87719,-0.03646,0.09090909090909091,0.1228070175438597
IsolationForest,24,0,0.48776,0.49282,0.14285714285714285,0.8360655737704918,0.09091,0.89474,-0.01739,0.09090909090909091,0.10526315789473684
Xgboost,24,0,0.53221,0.53668,0.5,0.8484848484848485,0.09091,0.98246,0.1599,0.09090909090909091,0.01754385964912286
RandomForestClassifier,24,1,0.56099,0.57656,0.25,0.8653846153846154,0.36364,0.78947,0.13292,0.36363636363636365,0.21052631578947367
DecisionTree,24,1,0.56099,0.57656,0.25,0.8653846153846154,0.36364,0.78947,0.13292,0.36363636363636365,0.21052631578947367
KNN,24,1,0.58342,0.5941,0.2857142857142857,0.8703703703703703,0.36364,0.82456,0.17139,0.36363636363636365,0.17543859649122806
OneClassSVM,24,1,0.47361,0.60048,0.21052631578947367,0.9,0.72727,0.47368,0.14903,0.7272727272727273,0.5263157894736843
LocalOutlierFactor,24,1,0.56324,0.69856,0.2727272727272727,0.9428571428571428,0.81818,0.57895,0.2926,0.8181818181818182,0.42105263157894735
IsolationForest,24,1,0.74702,0.76555,0.5384615384615384,0.9272727272727272,0.63636,0.89474,0.49734,0.6363636363636364,0.10526315789473684
Xgboost,24,1,0.575,0.56459,0.4,0.8571428571428571,0.18182,0.94737,0.18226,0.18181818181818182,0.052631578947368474
RandomForestClassifier,25,0,0.53221,0.53668,0.5,0.8484848484848485,0.09091,0.98246,0.1599,0.09090909090909091,0.01754385964912286
DecisionTree,25,0,0.53221,0.53668,0.5,0.8484848484848485,0.09091,0.98246,0.1599,0.09090909090909091,0.01754385964912286
KNN,25,0,0.51295,0.51914,0.25,0.84375,0.09091,0.94737,0.0599,0.09090909090909091,0.052631578947368474
OneClassSVM,25,0,0.39526,0.42743,0.12121212121212122,0.8,0.36364,0.49123,-0.10693,0.36363636363636365,0.5087719298245614
LocalOutlierFactor,25,0,0.47998,0.48405,0.125,0.8333333333333334,0.09091,0.87719,-0.03646,0.09090909090909091,0.1228070175438597
IsolationForest,25,0,0.46501,0.46651,0.1,0.8275862068965517,0.09091,0.84211,-0.06965,0.09090909090909091,0.1578947368421053
Xgboost,25,0,0.52225,0.52791,0.3333333333333333,0.8461538461538461,0.09091,0.96491,0.1001,0.09090909090909091,0.03508771929824561
RandomForestClassifier,25,1,0.47998,0.48405,0.125,0.8333333333333334,0.09091,0.87719,-0.03646,0.09090909090909091,0.1228070175438597
DecisionTree,25,1,0.50417,0.51037,0.2,0.8412698412698413,0.09091,0.92982,0.02925,0.09090909090909091,0.07017543859649122
KNN,25,1,0.58342,0.5941,0.2857142857142857,0.8703703703703703,0.36364,0.82456,0.17139,0.36363636363636365,0.17543859649122806
OneClassSVM,25,1,0.47361,0.60048,0.21052631578947367,0.9,0.72727,0.47368,0.14903,0.7272727272727273,0.5263157894736843
LocalOutlierFactor,25,1,0.56324,0.69856,0.2727272727272727,0.9428571428571428,0.81818,0.57895,0.2926,0.8181818181818182,0.42105263157894735
IsolationForest,25,1,0.76452,0.77432,0.5833333333333334,0.9285714285714286,0.63636,0.91228,0.52996,0.6363636363636364,0.08771929824561409
Xgboost,25,1,0.575,0.56459,0.4,0.8571428571428571,0.18182,0.94737,0.18226,0.18181818181818182,0.052631578947368474
RandomForestClassifier,26,0,0.53221,0.53668,0.5,0.8484848484848485,0.09091,0.98246,0.1599,0.09090909090909091,0.01754385964912286
DecisionTree,26,0,0.53221,0.53668,0.5,0.8484848484848485,0.09091,0.98246,0.1599,0.09090909090909091,0.01754385964912286
KNN,26,0,0.51295,0.51914,0.25,0.84375,0.09091,0.94737,0.0599,0.09090909090909091,0.052631578947368474
OneClassSVM,26,0,0.39526,0.42743,0.12121212121212122,0.8,0.36364,0.49123,-0.10693,0.36363636363636365,0.5087719298245614
LocalOutlierFactor,26,0,0.47998,0.48405,0.125,0.8333333333333334,0.09091,0.87719,-0.03646,0.09090909090909091,0.1228070175438597
IsolationForest,26,0,0.51295,0.51914,0.25,0.84375,0.09091,0.94737,0.0599,0.09090909090909091,0.052631578947368474
Xgboost,26,0,0.53221,0.53668,0.5,0.8484848484848485,0.09091,0.98246,0.1599,0.09090909090909091,0.01754385964912286
RandomForestClassifier,26,1,0.54116,0.53828,0.25,0.85,0.18182,0.89474,0.0875,0.18181818181818182,0.10526315789473684
DecisionTree,26,1,0.4958,0.50159,0.16666666666666666,0.8387096774193549,0.09091,0.91228,0.00414,0.09090909090909091,0.08771929824561409
KNN,26,1,0.58342,0.5941,0.2857142857142857,0.8703703703703703,0.36364,0.82456,0.17139,0.36363636363636365,0.17543859649122806
OneClassSVM,26,1,0.47361,0.60048,0.21052631578947367,0.9,0.72727,0.47368,0.14903,0.7272727272727273,0.5263157894736843
LocalOutlierFactor,26,1,0.56324,0.69856,0.2727272727272727,0.9428571428571428,0.81818,0.57895,0.2926,0.8181818181818182,0.42105263157894735
IsolationForest,26,1,0.8029,0.79187,0.7,0.9310344827586207,0.63636,0.94737,0.60692,0.6363636363636364,0.052631578947368474
Xgboost,26,1,0.58788,0.57337,0.5,0.859375,0.18182,0.96491,0.22963,0.18181818181818182,0.03508771929824561
RandomForestClassifier,27,0,0.53221,0.53668,0.5,0.8484848484848485,0.09091,0.98246,0.1599,0.09090909090909091,0.01754385964912286
DecisionTree,27,0,0.53221,0.53668,0.5,0.8484848484848485,0.09091,0.98246,0.1599,0.09090909090909091,0.01754385964912286
KNN,27,0,0.51295,0.51914,0.25,0.84375,0.09091,0.94737,0.0599,0.09090909090909091,0.052631578947368474
OneClassSVM,27,0,0.39526,0.42743,0.12121212121212122,0.8,0.36364,0.49123,-0.10693,0.36363636363636365,0.5087719298245614
LocalOutlierFactor,27,0,0.47998,0.48405,0.125,0.8333333333333334,0.09091,0.87719,-0.03646,0.09090909090909091,0.1228070175438597
IsolationForest,27,0,0.50289,0.50319,0.16666666666666666,0.8392857142857143,0.18182,0.82456,0.00616,0.18181818181818182,0.17543859649122806
Xgboost,27,0,0.53221,0.53668,0.5,0.8484848484848485,0.09091,0.98246,0.1599,0.09090909090909091,0.01754385964912286
RandomForestClassifier,27,1,0.50417,0.51037,0.2,0.8412698412698413,0.09091,0.92982,0.02925,0.09090909090909091,0.07017543859649122
DecisionTree,27,1,0.4958,0.50159,0.16666666666666666,0.8387096774193549,0.09091,0.91228,0.00414,0.09090909090909091,0.08771929824561409
KNN,27,1,0.58342,0.5941,0.2857142857142857,0.8703703703703703,0.36364,0.82456,0.17139,0.36363636363636365,0.17543859649122806
OneClassSVM,27,1,0.47361,0.60048,0.21052631578947367,0.9,0.72727,0.47368,0.14903,0.7272727272727273,0.5263157894736843
LocalOutlierFactor,27,1,0.56324,0.69856,0.2727272727272727,0.9428571428571428,0.81818,0.57895,0.2926,0.8181818181818182,0.42105263157894735
IsolationForest,27,1,0.78309,0.78309,0.6363636363636364,0.9298245614035088,0.63636,0.92982,0.56619,0.6363636363636364,0.07017543859649122
Xgboost,27,1,0.58788,0.57337,0.5,0.859375,0.18182,0.96491,0.22963,0.18181818181818182,0.03508771929824561
RandomForestClassifier,28,0,0.53221,0.53668,0.5,0.8484848484848485,0.09091,0.98246,0.1599,0.09090909090909091,0.01754385964912286
DecisionTree,28,0,0.53221,0.53668,0.5,0.8484848484848485,0.09091,0.98246,0.1599,0.09090909090909091,0.01754385964912286
KNN,28,0,0.51295,0.51914,0.25,0.84375,0.09091,0.94737,0.0599,0.09090909090909091,0.052631578947368474
OneClassSVM,28,0,0.39526,0.42743,0.12121212121212122,0.8,0.36364,0.49123,-0.10693,0.36363636363636365,0.5087719298245614
LocalOutlierFactor,28,0,0.47998,0.48405,0.125,0.8333333333333334,0.09091,0.87719,-0.03646,0.09090909090909091,0.1228070175438597
IsolationForest,28,0,0.4958,0.50159,0.16666666666666666,0.8387096774193549,0.09091,0.91228,0.00414,0.09090909090909091,0.08771929824561409
Xgboost,28,0,0.45161,0.49123,0.0,0.835820895522388,0.0,0.98246,-0.05367,0.0,0.01754385964912286
RandomForestClassifier,28,1,0.52133,0.52073,0.2,0.8448275862068966,0.18182,0.85965,0.04311,0.18181818181818182,0.14035087719298245
DecisionTree,28,1,0.53103,0.52951,0.2222222222222222,0.847457627118644,0.18182,0.87719,0.06412,0.18181818181818182,0.1228070175438597
KNN,28,1,0.58342,0.5941,0.2857142857142857,0.8703703703703703,0.36364,0.82456,0.17139,0.36363636363636365,0.17543859649122806
OneClassSVM,28,1,0.47361,0.60048,0.21052631578947367,0.9,0.72727,0.47368,0.14903,0.7272727272727273,0.5263157894736843
LocalOutlierFactor,28,1,0.56324,0.69856,0.2727272727272727,0.9428571428571428,0.81818,0.57895,0.2926,0.8181818181818182,0.42105263157894735
IsolationForest,28,1,0.7247,0.70096,0.625,0.9,0.45455,0.94737,0.45935,0.45454545454545453,0.052631578947368474
Xgboost,28,1,0.56303,0.55582,0.3333333333333333,0.8548387096774194,0.18182,0.92982,0.14494,0.18181818181818182,0.07017543859649122
RandomForestClassifier,29,0,0.53221,0.53668,0.5,0.8484848484848485,0.09091,0.98246,0.1599,0.09090909090909091,0.01754385964912286
DecisionTree,29,0,0.53221,0.53668,0.5,0.8484848484848485,0.09091,0.98246,0.1599,0.09090909090909091,0.01754385964912286
KNN,29,0,0.51295,0.51914,0.25,0.84375,0.09091,0.94737,0.0599,0.09090909090909091,0.052631578947368474
OneClassSVM,29,0,0.39526,0.42743,0.12121212121212122,0.8,0.36364,0.49123,-0.10693,0.36363636363636365,0.5087719298245614
LocalOutlierFactor,29,0,0.47998,0.48405,0.125,0.8333333333333334,0.09091,0.87719,-0.03646,0.09090909090909091,0.1228070175438597
IsolationForest,29,0,0.54116,0.53828,0.25,0.85,0.18182,0.89474,0.0875,0.18181818181818182,0.10526315789473684
Xgboost,29,0,0.53221,0.53668,0.5,0.8484848484848485,0.09091,0.98246,0.1599,0.09090909090909091,0.01754385964912286
RandomForestClassifier,29,1,0.47998,0.48405,0.125,0.8333333333333334,0.09091,0.87719,-0.03646,0.09090909090909091,0.1228070175438597
DecisionTree,29,1,0.67298,0.77751,0.375,0.9545454545454546,0.81818,0.73684,0.42767,0.8181818181818182,0.26315789473684215
KNN,29,1,0.58342,0.5941,0.2857142857142857,0.8703703703703703,0.36364,0.82456,0.17139,0.36363636363636365,0.17543859649122806
OneClassSVM,29,1,0.47361,0.60048,0.21052631578947367,0.9,0.72727,0.47368,0.14903,0.7272727272727273,0.5263157894736843
LocalOutlierFactor,29,1,0.56324,0.69856,0.2727272727272727,0.9428571428571428,0.81818,0.57895,0.2926,0.8181818181818182,0.42105263157894735
IsolationForest,29,1,0.74702,0.76555,0.5384615384615384,0.9272727272727272,0.63636,0.89474,0.49734,0.6363636363636364,0.10526315789473684
Xgboost,29,1,0.61582,0.60128,0.42857142857142855,0.8688524590163934,0.27273,0.92982,0.24545,0.2727272727272727,0.07017543859649122
RandomForestClassifier,30,0,0.53221,0.53668,0.5,0.8484848484848485,0.09091,0.98246,0.1599,0.09090909090909091,0.01754385964912286
DecisionTree,30,0,0.53221,0.53668,0.5,0.8484848484848485,0.09091,0.98246,0.1599,0.09090909090909091,0.01754385964912286
KNN,30,0,0.51295,0.51914,0.25,0.84375,0.09091,0.94737,0.0599,0.09090909090909091,0.052631578947368474
OneClassSVM,30,0,0.39526,0.42743,0.12121212121212122,0.8,0.36364,0.49123,-0.10693,0.36363636363636365,0.5087719298245614
LocalOutlierFactor,30,0,0.47998,0.48405,0.125,0.8333333333333334,0.09091,0.87719,-0.03646,0.09090909090909091,0.1228070175438597
IsolationForest,30,0,0.54116,0.53828,0.25,0.85,0.18182,0.89474,0.0875,0.18181818181818182,0.10526315789473684
Xgboost,30,0,0.53221,0.53668,0.5,0.8484848484848485,0.09091,0.98246,0.1599,0.09090909090909091,0.01754385964912286
RandomForestClassifier,30,1,0.55026,0.56778,0.23529411764705882,0.8627450980392157,0.36364,0.77193,0.11529,0.36363636363636365,0.22807017543859653
DecisionTree,30,1,0.67298,0.77751,0.375,0.9545454545454546,0.81818,0.73684,0.42767,0.8181818181818182,0.26315789473684215
KNN,30,1,0.58342,0.5941,0.2857142857142857,0.8703703703703703,0.36364,0.82456,0.17139,0.36363636363636365,0.17543859649122806
OneClassSVM,30,1,0.47361,0.60048,0.21052631578947367,0.9,0.72727,0.47368,0.14903,0.7272727272727273,0.5263157894736843
LocalOutlierFactor,30,1,0.56324,0.69856,0.2727272727272727,0.9428571428571428,0.81818,0.57895,0.2926,0.8181818181818182,0.42105263157894735
IsolationForest,30,1,0.78309,0.78309,0.6363636363636364,0.9298245614035088,0.63636,0.92982,0.56619,0.6363636363636364,0.07017543859649122
Xgboost,30,1,0.61582,0.60128,0.42857142857142855,0.8688524590163934,0.27273,0.92982,0.24545,0.2727272727272727,0.07017543859649122
RandomForestClassifier,31,0,0.53221,0.53668,0.5,0.8484848484848485,0.09091,0.98246,0.1599,0.09090909090909091,0.01754385964912286
DecisionTree,31,0,0.53221,0.53668,0.5,0.8484848484848485,0.09091,0.98246,0.1599,0.09090909090909091,0.01754385964912286
KNN,31,0,0.51295,0.51914,0.25,0.84375,0.09091,0.94737,0.0599,0.09090909090909091,0.052631578947368474
OneClassSVM,31,0,0.39526,0.42743,0.12121212121212122,0.8,0.36364,0.49123,-0.10693,0.36363636363636365,0.5087719298245614
LocalOutlierFactor,31,0,0.47998,0.48405,0.125,0.8333333333333334,0.09091,0.87719,-0.03646,0.09090909090909091,0.1228070175438597
IsolationForest,31,0,0.42373,0.4386,0.0,0.819672131147541,0.0,0.87719,-0.14881,0.0,0.1228070175438597
Xgboost,31,0,0.53221,0.53668,0.5,0.8484848484848485,0.09091,0.98246,0.1599,0.09090909090909091,0.01754385964912286
RandomForestClassifier,31,1,0.47998,0.48405,0.125,0.8333333333333334,0.09091,0.87719,-0.03646,0.09090909090909091,0.1228070175438597
DecisionTree,31,1,0.50417,0.51037,0.2,0.8412698412698413,0.09091,0.92982,0.02925,0.09090909090909091,0.07017543859649122
KNN,31,1,0.58342,0.5941,0.2857142857142857,0.8703703703703703,0.36364,0.82456,0.17139,0.36363636363636365,0.17543859649122806
OneClassSVM,31,1,0.47361,0.60048,0.21052631578947367,0.9,0.72727,0.47368,0.14903,0.7272727272727273,0.5263157894736843
LocalOutlierFactor,31,1,0.56324,0.69856,0.2727272727272727,0.9428571428571428,0.81818,0.57895,0.2926,0.8181818181818182,0.42105263157894735
IsolationForest,31,1,0.8029,0.79187,0.7,0.9310344827586207,0.63636,0.94737,0.60692,0.6363636363636364,0.052631578947368474
Xgboost,31,1,0.575,0.56459,0.4,0.8571428571428571,0.18182,0.94737,0.18226,0.18181818181818182,0.052631578947368474
RandomForestClassifier,32,0,0.53221,0.53668,0.5,0.8484848484848485,0.09091,0.98246,0.1599,0.09090909090909091,0.01754385964912286
DecisionTree,32,0,0.53221,0.53668,0.5,0.8484848484848485,0.09091,0.98246,0.1599,0.09090909090909091,0.01754385964912286
KNN,32,0,0.51295,0.51914,0.25,0.84375,0.09091,0.94737,0.0599,0.09090909090909091,0.052631578947368474
OneClassSVM,32,0,0.39526,0.42743,0.12121212121212122,0.8,0.36364,0.49123,-0.10693,0.36363636363636365,0.5087719298245614
LocalOutlierFactor,32,0,0.47998,0.48405,0.125,0.8333333333333334,0.09091,0.87719,-0.03646,0.09090909090909091,0.1228070175438597
IsolationForest,32,0,0.47998,0.48405,0.125,0.8333333333333334,0.09091,0.87719,-0.03646,0.09090909090909091,0.1228070175438597
Xgboost,32,0,0.45161,0.49123,0.0,0.835820895522388,0.0,0.98246,-0.05367,0.0,0.01754385964912286
RandomForestClassifier,32,1,0.56619,0.56619,0.2727272727272727,0.8596491228070176,0.27273,0.85965,0.13238,0.2727272727272727,0.14035087719298245
DecisionTree,32,1,0.56099,0.57656,0.25,0.8653846153846154,0.36364,0.78947,0.13292,0.36363636363636365,0.21052631578947367
KNN,32,1,0.58342,0.5941,0.2857142857142857,0.8703703703703703,0.36364,0.82456,0.17139,0.36363636363636365,0.17543859649122806
OneClassSVM,32,1,0.47361,0.60048,0.21052631578947367,0.9,0.72727,0.47368,0.14903,0.7272727272727273,0.5263157894736843
LocalOutlierFactor,32,1,0.56324,0.69856,0.2727272727272727,0.9428571428571428,0.81818,0.57895,0.2926,0.8181818181818182,0.42105263157894735
IsolationForest,32,1,0.78309,0.78309,0.6363636363636364,0.9298245614035088,0.63636,0.92982,0.56619,0.6363636363636364,0.07017543859649122
Xgboost,32,1,0.61582,0.60128,0.42857142857142855,0.8688524590163934,0.27273,0.92982,0.24545,0.2727272727272727,0.07017543859649122
RandomForestClassifier,33,0,0.53221,0.53668,0.5,0.8484848484848485,0.09091,0.98246,0.1599,0.09090909090909091,0.01754385964912286
DecisionTree,33,0,0.53221,0.53668,0.5,0.8484848484848485,0.09091,0.98246,0.1599,0.09090909090909091,0.01754385964912286
KNN,33,0,0.51295,0.51914,0.25,0.84375,0.09091,0.94737,0.0599,0.09090909090909091,0.052631578947368474
OneClassSVM,33,0,0.39526,0.42743,0.12121212121212122,0.8,0.36364,0.49123,-0.10693,0.36363636363636365,0.5087719298245614
LocalOutlierFactor,33,0,0.47998,0.48405,0.125,0.8333333333333334,0.09091,0.87719,-0.03646,0.09090909090909091,0.1228070175438597
IsolationForest,33,0,0.46501,0.46651,0.1,0.8275862068965517,0.09091,0.84211,-0.06965,0.09090909090909091,0.1578947368421053
Xgboost,33,0,0.53221,0.53668,0.5,0.8484848484848485,0.09091,0.98246,0.1599,0.09090909090909091,0.01754385964912286
RandomForestClassifier,33,1,0.47998,0.48405,0.125,0.8333333333333334,0.09091,0.87719,-0.03646,0.09090909090909091,0.1228070175438597
DecisionTree,33,1,0.50417,0.51037,0.2,0.8412698412698413,0.09091,0.92982,0.02925,0.09090909090909091,0.07017543859649122
KNN,33,1,0.58342,0.5941,0.2857142857142857,0.8703703703703703,0.36364,0.82456,0.17139,0.36363636363636365,0.17543859649122806
OneClassSVM,33,1,0.47361,0.60048,0.21052631578947367,0.9,0.72727,0.47368,0.14903,0.7272727272727273,0.5263157894736843
LocalOutlierFactor,33,1,0.56324,0.69856,0.2727272727272727,0.9428571428571428,0.81818,0.57895,0.2926,0.8181818181818182,0.42105263157894735
IsolationForest,33,1,0.44715,0.61085,0.20930232558139536,0.92,0.81818,0.40351,0.16931,0.8181818181818182,0.5964912280701755
Xgboost,33,1,0.4958,0.50159,0.16666666666666666,0.8387096774193549,0.09091,0.91228,0.00414,0.09090909090909091,0.08771929824561409
RandomForestClassifier,34,0,0.53221,0.53668,0.5,0.8484848484848485,0.09091,0.98246,0.1599,0.09090909090909091,0.01754385964912286
DecisionTree,34,0,0.53221,0.53668,0.5,0.8484848484848485,0.09091,0.98246,0.1599,0.09090909090909091,0.01754385964912286
KNN,34,0,0.51295,0.51914,0.25,0.84375,0.09091,0.94737,0.0599,0.09090909090909091,0.052631578947368474
OneClassSVM,34,0,0.39526,0.42743,0.12121212121212122,0.8,0.36364,0.49123,-0.10693,0.36363636363636365,0.5087719298245614
LocalOutlierFactor,34,0,0.47998,0.48405,0.125,0.8333333333333334,0.09091,0.87719,-0.03646,0.09090909090909091,0.1228070175438597
IsolationForest,34,0,0.55179,0.54705,0.2857142857142857,0.8524590163934426,0.18182,0.91228,0.11403,0.18181818181818182,0.08771929824561409
Xgboost,34,0,0.45161,0.49123,0.0,0.835820895522388,0.0,0.98246,-0.05367,0.0,0.01754385964912286
RandomForestClassifier,34,1,0.47998,0.48405,0.125,0.8333333333333334,0.09091,0.87719,-0.03646,0.09090909090909091,0.1228070175438597
DecisionTree,34,1,0.57764,0.57496,0.3,0.8620689655172413,0.27273,0.87719,0.15588,0.2727272727272727,0.1228070175438597
KNN,34,1,0.58342,0.5941,0.2857142857142857,0.8703703703703703,0.36364,0.82456,0.17139,0.36363636363636365,0.17543859649122806
OneClassSVM,34,1,0.47361,0.60048,0.21052631578947367,0.9,0.72727,0.47368,0.14903,0.7272727272727273,0.5263157894736843
LocalOutlierFactor,34,1,0.56324,0.69856,0.2727272727272727,0.9428571428571428,0.81818,0.57895,0.2926,0.8181818181818182,0.42105263157894735
IsolationForest,34,1,0.76552,0.74641,0.6666666666666666,0.9152542372881356,0.54545,0.94737,0.53552,0.5454545454545454,0.052631578947368474
Xgboost,34,1,0.61582,0.60128,0.42857142857142855,0.8688524590163934,0.27273,0.92982,0.24545,0.2727272727272727,0.07017543859649122
RandomForestClassifier,35,0,0.53221,0.53668,0.5,0.8484848484848485,0.09091,0.98246,0.1599,0.09090909090909091,0.01754385964912286
DecisionTree,35,0,0.53221,0.53668,0.5,0.8484848484848485,0.09091,0.98246,0.1599,0.09090909090909091,0.01754385964912286
KNN,35,0,0.51295,0.51914,0.25,0.84375,0.09091,0.94737,0.0599,0.09090909090909091,0.052631578947368474
OneClassSVM,35,0,0.39526,0.42743,0.12121212121212122,0.8,0.36364,0.49123,-0.10693,0.36363636363636365,0.5087719298245614
LocalOutlierFactor,35,0,0.47998,0.48405,0.125,0.8333333333333334,0.09091,0.87719,-0.03646,0.09090909090909091,0.1228070175438597
IsolationForest,35,0,0.48776,0.49282,0.14285714285714285,0.8360655737704918,0.09091,0.89474,-0.01739,0.09090909090909091,0.10526315789473684
Xgboost,35,0,0.53221,0.53668,0.5,0.8484848484848485,0.09091,0.98246,0.1599,0.09090909090909091,0.01754385964912286
RandomForestClassifier,35,1,0.47998,0.48405,0.125,0.8333333333333334,0.09091,0.87719,-0.03646,0.09090909090909091,0.1228070175438597
DecisionTree,35,1,0.50417,0.51037,0.2,0.8412698412698413,0.09091,0.92982,0.02925,0.09090909090909091,0.07017543859649122
KNN,35,1,0.58342,0.5941,0.2857142857142857,0.8703703703703703,0.36364,0.82456,0.17139,0.36363636363636365,0.17543859649122806
OneClassSVM,35,1,0.47361,0.60048,0.21052631578947367,0.9,0.72727,0.47368,0.14903,0.7272727272727273,0.5263157894736843
LocalOutlierFactor,35,1,0.56324,0.69856,0.2727272727272727,0.9428571428571428,0.81818,0.57895,0.2926,0.8181818181818182,0.42105263157894735
IsolationForest,35,1,0.8029,0.79187,0.7,0.9310344827586207,0.63636,0.94737,0.60692,0.6363636363636364,0.052631578947368474
Xgboost,35,1,0.575,0.56459,0.4,0.8571428571428571,0.18182,0.94737,0.18226,0.18181818181818182,0.052631578947368474
RandomForestClassifier,36,0,0.53221,0.53668,0.5,0.8484848484848485,0.09091,0.98246,0.1599,0.09090909090909091,0.01754385964912286
DecisionTree,36,0,0.53221,0.53668,0.5,0.8484848484848485,0.09091,0.98246,0.1599,0.09090909090909091,0.01754385964912286
KNN,36,0,0.51295,0.51914,0.25,0.84375,0.09091,0.94737,0.0599,0.09090909090909091,0.052631578947368474
OneClassSVM,36,0,0.39526,0.42743,0.12121212121212122,0.8,0.36364,0.49123,-0.10693,0.36363636363636365,0.5087719298245614
LocalOutlierFactor,36,0,0.47998,0.48405,0.125,0.8333333333333334,0.09091,0.87719,-0.03646,0.09090909090909091,0.1228070175438597
IsolationForest,36,0,0.46501,0.46651,0.1,0.8275862068965517,0.09091,0.84211,-0.06965,0.09090909090909091,0.1578947368421053
Xgboost,36,0,0.45161,0.49123,0.0,0.835820895522388,0.0,0.98246,-0.05367,0.0,0.01754385964912286
RandomForestClassifier,36,1,0.48776,0.49282,0.14285714285714285,0.8360655737704918,0.09091,0.89474,-0.01739,0.09090909090909091,0.10526315789473684
DecisionTree,36,1,0.56099,0.57656,0.25,0.8653846153846154,0.36364,0.78947,0.13292,0.36363636363636365,0.21052631578947367
KNN,36,1,0.58342,0.5941,0.2857142857142857,0.8703703703703703,0.36364,0.82456,0.17139,0.36363636363636365,0.17543859649122806
OneClassSVM,36,1,0.47361,0.60048,0.21052631578947367,0.9,0.72727,0.47368,0.14903,0.7272727272727273,0.5263157894736843
LocalOutlierFactor,36,1,0.56324,0.69856,0.2727272727272727,0.9428571428571428,0.81818,0.57895,0.2926,0.8181818181818182,0.42105263157894735
IsolationForest,36,1,0.73045,0.75678,0.5,0.9259259259259259,0.63636,0.87719,0.46769,0.6363636363636364,0.1228070175438597
Xgboost,36,1,0.58788,0.57337,0.5,0.859375,0.18182,0.96491,0.22963,0.18181818181818182,0.03508771929824561
RandomForestClassifier,37,0,0.53221,0.53668,0.5,0.8484848484848485,0.09091,0.98246,0.1599,0.09090909090909091,0.01754385964912286
DecisionTree,37,0,0.53221,0.53668,0.5,0.8484848484848485,0.09091,0.98246,0.1599,0.09090909090909091,0.01754385964912286
KNN,37,0,0.51295,0.51914,0.25,0.84375,0.09091,0.94737,0.0599,0.09090909090909091,0.052631578947368474
OneClassSVM,37,0,0.39526,0.42743,0.12121212121212122,0.8,0.36364,0.49123,-0.10693,0.36363636363636365,0.5087719298245614
LocalOutlierFactor,37,0,0.47998,0.48405,0.125,0.8333333333333334,0.09091,0.87719,-0.03646,0.09090909090909091,0.1228070175438597
IsolationForest,37,0,0.48776,0.49282,0.14285714285714285,0.8360655737704918,0.09091,0.89474,-0.01739,0.09090909090909091,0.10526315789473684
Xgboost,37,0,0.52225,0.52791,0.3333333333333333,0.8461538461538461,0.09091,0.96491,0.1001,0.09090909090909091,0.03508771929824561
RandomForestClassifier,37,1,0.50417,0.51037,0.2,0.8412698412698413,0.09091,0.92982,0.02925,0.09090909090909091,0.07017543859649122
DecisionTree,37,1,0.50417,0.51037,0.2,0.8412698412698413,0.09091,0.92982,0.02925,0.09090909090909091,0.07017543859649122
KNN,37,1,0.58342,0.5941,0.2857142857142857,0.8703703703703703,0.36364,0.82456,0.17139,0.36363636363636365,0.17543859649122806
OneClassSVM,37,1,0.47361,0.60048,0.21052631578947367,0.9,0.72727,0.47368,0.14903,0.7272727272727273,0.5263157894736843
LocalOutlierFactor,37,1,0.56324,0.69856,0.2727272727272727,0.9428571428571428,0.81818,0.57895,0.2926,0.8181818181818182,0.42105263157894735
IsolationForest,37,1,0.76552,0.74641,0.6666666666666666,0.9152542372881356,0.54545,0.94737,0.53552,0.5454545454545454,0.052631578947368474
Xgboost,37,1,0.61582,0.60128,0.42857142857142855,0.8688524590163934,0.27273,0.92982,0.24545,0.2727272727272727,0.07017543859649122
RandomForestClassifier,38,0,0.53221,0.53668,0.5,0.8484848484848485,0.09091,0.98246,0.1599,0.09090909090909091,0.01754385964912286
DecisionTree,38,0,0.53221,0.53668,0.5,0.8484848484848485,0.09091,0.98246,0.1599,0.09090909090909091,0.01754385964912286
KNN,38,0,0.51295,0.51914,0.25,0.84375,0.09091,0.94737,0.0599,0.09090909090909091,0.052631578947368474
OneClassSVM,38,0,0.39526,0.42743,0.12121212121212122,0.8,0.36364,0.49123,-0.10693,0.36363636363636365,0.5087719298245614
LocalOutlierFactor,38,0,0.47998,0.48405,0.125,0.8333333333333334,0.09091,0.87719,-0.03646,0.09090909090909091,0.1228070175438597
IsolationForest,38,0,0.52133,0.52073,0.2,0.8448275862068966,0.18182,0.85965,0.04311,0.18181818181818182,0.14035087719298245
Xgboost,38,0,0.45161,0.49123,0.0,0.835820895522388,0.0,0.98246,-0.05367,0.0,0.01754385964912286
RandomForestClassifier,38,1,0.49405,0.49442,0.15384615384615385,0.8363636363636363,0.18182,0.80702,-0.01045,0.18181818181818182,0.19298245614035092
DecisionTree,38,1,0.4958,0.50159,0.16666666666666666,0.8387096774193549,0.09091,0.91228,0.00414,0.09090909090909091,0.08771929824561409
KNN,38,1,0.58342,0.5941,0.2857142857142857,0.8703703703703703,0.36364,0.82456,0.17139,0.36363636363636365,0.17543859649122806
OneClassSVM,38,1,0.47361,0.60048,0.21052631578947367,0.9,0.72727,0.47368,0.14903,0.7272727272727273,0.5263157894736843
LocalOutlierFactor,38,1,0.56324,0.69856,0.2727272727272727,0.9428571428571428,0.81818,0.57895,0.2926,0.8181818181818182,0.42105263157894735
IsolationForest,38,1,0.76452,0.77432,0.5833333333333334,0.9285714285714286,0.63636,0.91228,0.52996,0.6363636363636364,0.08771929824561409
Xgboost,38,1,0.575,0.56459,0.4,0.8571428571428571,0.18182,0.94737,0.18226,0.18181818181818182,0.052631578947368474
RandomForestClassifier,39,0,0.53221,0.53668,0.5,0.8484848484848485,0.09091,0.98246,0.1599,0.09090909090909091,0.01754385964912286
DecisionTree,39,0,0.53221,0.53668,0.5,0.8484848484848485,0.09091,0.98246,0.1599,0.09090909090909091,0.01754385964912286
KNN,39,0,0.51295,0.51914,0.25,0.84375,0.09091,0.94737,0.0599,0.09090909090909091,0.052631578947368474
OneClassSVM,39,0,0.39526,0.42743,0.12121212121212122,0.8,0.36364,0.49123,-0.10693,0.36363636363636365,0.5087719298245614
LocalOutlierFactor,39,0,0.47998,0.48405,0.125,0.8333333333333334,0.09091,0.87719,-0.03646,0.09090909090909091,0.1228070175438597
IsolationForest,39,0,0.46501,0.46651,0.1,0.8275862068965517,0.09091,0.84211,-0.06965,0.09090909090909091,0.1578947368421053
Xgboost,39,0,0.45161,0.49123,0.0,0.835820895522388,0.0,0.98246,-0.05367,0.0,0.01754385964912286
RandomForestClassifier,39,1,0.55179,0.54705,0.2857142857142857,0.8524590163934426,0.18182,0.91228,0.11403,0.18181818181818182,0.08771929824561409
DecisionTree,39,1,0.53103,0.52951,0.2222222222222222,0.847457627118644,0.18182,0.87719,0.06412,0.18181818181818182,0.1228070175438597
KNN,39,1,0.58342,0.5941,0.2857142857142857,0.8703703703703703,0.36364,0.82456,0.17139,0.36363636363636365,0.17543859649122806
OneClassSVM,39,1,0.47361,0.60048,0.21052631578947367,0.9,0.72727,0.47368,0.14903,0.7272727272727273,0.5263157894736843
LocalOutlierFactor,39,1,0.56324,0.69856,0.2727272727272727,0.9428571428571428,0.81818,0.57895,0.2926,0.8181818181818182,0.42105263157894735
IsolationForest,39,1,0.63451,0.72329,0.3333333333333333,0.9318181818181818,0.72727,0.7193,0.34411,0.7272727272727273,0.2807017543859649
Xgboost,39,1,0.61582,0.60128,0.42857142857142855,0.8688524590163934,0.27273,0.92982,0.24545,0.2727272727272727,0.07017543859649122
RandomForestClassifier,40,0,0.53221,0.53668,0.5,0.8484848484848485,0.09091,0.98246,0.1599,0.09090909090909091,0.01754385964912286
DecisionTree,40,0,0.53221,0.53668,0.5,0.8484848484848485,0.09091,0.98246,0.1599,0.09090909090909091,0.01754385964912286
KNN,40,0,0.51295,0.51914,0.25,0.84375,0.09091,0.94737,0.0599,0.09090909090909091,0.052631578947368474
OneClassSVM,40,0,0.39526,0.42743,0.12121212121212122,0.8,0.36364,0.49123,-0.10693,0.36363636363636365,0.5087719298245614
LocalOutlierFactor,40,0,0.47998,0.48405,0.125,0.8333333333333334,0.09091,0.87719,-0.03646,0.09090909090909091,0.1228070175438597
IsolationForest,40,0,0.47998,0.48405,0.125,0.8333333333333334,0.09091,0.87719,-0.03646,0.09090909090909091,0.1228070175438597
Xgboost,40,0,0.53221,0.53668,0.5,0.8484848484848485,0.09091,0.98246,0.1599,0.09090909090909091,0.01754385964912286
RandomForestClassifier,40,1,0.56619,0.56619,0.2727272727272727,0.8596491228070176,0.27273,0.85965,0.13238,0.2727272727272727,0.14035087719298245
DecisionTree,40,1,0.4958,0.50159,0.16666666666666666,0.8387096774193549,0.09091,0.91228,0.00414,0.09090909090909091,0.08771929824561409
KNN,40,1,0.58342,0.5941,0.2857142857142857,0.8703703703703703,0.36364,0.82456,0.17139,0.36363636363636365,0.17543859649122806
OneClassSVM,40,1,0.47361,0.60048,0.21052631578947367,0.9,0.72727,0.47368,0.14903,0.7272727272727273,0.5263157894736843
LocalOutlierFactor,40,1,0.56324,0.69856,0.2727272727272727,0.9428571428571428,0.81818,0.57895,0.2926,0.8181818181818182,0.42105263157894735
IsolationForest,40,1,0.76452,0.77432,0.5833333333333334,0.9285714285714286,0.63636,0.91228,0.52996,0.6363636363636364,0.08771929824561409
Xgboost,40,1,0.56303,0.55582,0.3333333333333333,0.8548387096774194,0.18182,0.92982,0.14494,0.18181818181818182,0.07017543859649122
RandomForestClassifier,41,0,0.53221,0.53668,0.5,0.8484848484848485,0.09091,0.98246,0.1599,0.09090909090909091,0.01754385964912286
DecisionTree,41,0,0.53221,0.53668,0.5,0.8484848484848485,0.09091,0.98246,0.1599,0.09090909090909091,0.01754385964912286
KNN,41,0,0.51295,0.51914,0.25,0.84375,0.09091,0.94737,0.0599,0.09090909090909091,0.052631578947368474
OneClassSVM,41,0,0.39526,0.42743,0.12121212121212122,0.8,0.36364,0.49123,-0.10693,0.36363636363636365,0.5087719298245614
LocalOutlierFactor,41,0,0.47998,0.48405,0.125,0.8333333333333334,0.09091,0.87719,-0.03646,0.09090909090909091,0.1228070175438597
IsolationForest,41,0,0.46501,0.46651,0.1,0.8275862068965517,0.09091,0.84211,-0.06965,0.09090909090909091,0.1578947368421053
Xgboost,41,0,0.53221,0.53668,0.5,0.8484848484848485,0.09091,0.98246,0.1599,0.09090909090909091,0.01754385964912286
RandomForestClassifier,41,1,0.53103,0.52951,0.2222222222222222,0.847457627118644,0.18182,0.87719,0.06412,0.18181818181818182,0.1228070175438597
DecisionTree,41,1,0.4958,0.50159,0.16666666666666666,0.8387096774193549,0.09091,0.91228,0.00414,0.09090909090909091,0.08771929824561409
KNN,41,1,0.58342,0.5941,0.2857142857142857,0.8703703703703703,0.36364,0.82456,0.17139,0.36363636363636365,0.17543859649122806
OneClassSVM,41,1,0.47361,0.60048,0.21052631578947367,0.9,0.72727,0.47368,0.14903,0.7272727272727273,0.5263157894736843
LocalOutlierFactor,41,1,0.56324,0.69856,0.2727272727272727,0.9428571428571428,0.81818,0.57895,0.2926,0.8181818181818182,0.42105263157894735
IsolationForest,41,1,0.78309,0.78309,0.6363636363636364,0.9298245614035088,0.63636,0.92982,0.56619,0.6363636363636364,0.07017543859649122
Xgboost,41,1,0.58788,0.57337,0.5,0.859375,0.18182,0.96491,0.22963,0.18181818181818182,0.03508771929824561
RandomForestClassifier,42,0,0.53221,0.53668,0.5,0.8484848484848485,0.09091,0.98246,0.1599,0.09090909090909091,0.01754385964912286
DecisionTree,42,0,0.53221,0.53668,0.5,0.8484848484848485,0.09091,0.98246,0.1599,0.09090909090909091,0.01754385964912286
KNN,42,0,0.51295,0.51914,0.25,0.84375,0.09091,0.94737,0.0599,0.09090909090909091,0.052631578947368474
OneClassSVM,42,0,0.39526,0.42743,0.12121212121212122,0.8,0.36364,0.49123,-0.10693,0.36363636363636365,0.5087719298245614
LocalOutlierFactor,42,0,0.47998,0.48405,0.125,0.8333333333333334,0.09091,0.87719,-0.03646,0.09090909090909091,0.1228070175438597
IsolationForest,42,0,0.50289,0.50319,0.16666666666666666,0.8392857142857143,0.18182,0.82456,0.00616,0.18181818181818182,0.17543859649122806
Xgboost,42,0,0.53221,0.53668,0.5,0.8484848484848485,0.09091,0.98246,0.1599,0.09090909090909091,0.01754385964912286
RandomForestClassifier,42,1,0.53103,0.52951,0.2222222222222222,0.847457627118644,0.18182,0.87719,0.06412,0.18181818181818182,0.1228070175438597
DecisionTree,42,1,0.4958,0.50159,0.16666666666666666,0.8387096774193549,0.09091,0.91228,0.00414,0.09090909090909091,0.08771929824561409
KNN,42,1,0.58342,0.5941,0.2857142857142857,0.8703703703703703,0.36364,0.82456,0.17139,0.36363636363636365,0.17543859649122806
OneClassSVM,42,1,0.47361,0.60048,0.21052631578947367,0.9,0.72727,0.47368,0.14903,0.7272727272727273,0.5263157894736843
LocalOutlierFactor,42,1,0.56324,0.69856,0.2727272727272727,0.9428571428571428,0.81818,0.57895,0.2926,0.8181818181818182,0.42105263157894735
IsolationForest,42,1,0.78309,0.78309,0.6363636363636364,0.9298245614035088,0.63636,0.92982,0.56619,0.6363636363636364,0.07017543859649122
Xgboost,42,1,0.58788,0.57337,0.5,0.859375,0.18182,0.96491,0.22963,0.18181818181818182,0.03508771929824561
RandomForestClassifier,43,0,0.53221,0.53668,0.5,0.8484848484848485,0.09091,0.98246,0.1599,0.09090909090909091,0.01754385964912286
DecisionTree,43,0,0.53221,0.53668,0.5,0.8484848484848485,0.09091,0.98246,0.1599,0.09090909090909091,0.01754385964912286
KNN,43,0,0.51295,0.51914,0.25,0.84375,0.09091,0.94737,0.0599,0.09090909090909091,0.052631578947368474
OneClassSVM,43,0,0.39526,0.42743,0.12121212121212122,0.8,0.36364,0.49123,-0.10693,0.36363636363636365,0.5087719298245614
LocalOutlierFactor,43,0,0.47998,0.48405,0.125,0.8333333333333334,0.09091,0.87719,-0.03646,0.09090909090909091,0.1228070175438597
IsolationForest,43,0,0.47241,0.47528,0.1111111111111111,0.8305084745762712,0.09091,0.85965,-0.05373,0.09090909090909091,0.14035087719298245
Xgboost,43,0,0.53221,0.53668,0.5,0.8484848484848485,0.09091,0.98246,0.1599,0.09090909090909091,0.01754385964912286
RandomForestClassifier,43,1,0.49405,0.49442,0.15384615384615385,0.8363636363636363,0.18182,0.80702,-0.01045,0.18181818181818182,0.19298245614035092
DecisionTree,43,1,0.53103,0.52951,0.2222222222222222,0.847457627118644,0.18182,0.87719,0.06412,0.18181818181818182,0.1228070175438597
KNN,43,1,0.58342,0.5941,0.2857142857142857,0.8703703703703703,0.36364,0.82456,0.17139,0.36363636363636365,0.17543859649122806
OneClassSVM,43,1,0.47361,0.60048,0.21052631578947367,0.9,0.72727,0.47368,0.14903,0.7272727272727273,0.5263157894736843
LocalOutlierFactor,43,1,0.56324,0.69856,0.2727272727272727,0.9428571428571428,0.81818,0.57895,0.2926,0.8181818181818182,0.42105263157894735
IsolationForest,43,1,0.8029,0.79187,0.7,0.9310344827586207,0.63636,0.94737,0.60692,0.6363636363636364,0.052631578947368474
Xgboost,43,1,0.4958,0.50159,0.16666666666666666,0.8387096774193549,0.09091,0.91228,0.00414,0.09090909090909091,0.08771929824561409
RandomForestClassifier,44,0,0.53221,0.53668,0.5,0.8484848484848485,0.09091,0.98246,0.1599,0.09090909090909091,0.01754385964912286
DecisionTree,44,0,0.53221,0.53668,0.5,0.8484848484848485,0.09091,0.98246,0.1599,0.09090909090909091,0.01754385964912286
KNN,44,0,0.51295,0.51914,0.25,0.84375,0.09091,0.94737,0.0599,0.09090909090909091,0.052631578947368474
OneClassSVM,44,0,0.39526,0.42743,0.12121212121212122,0.8,0.36364,0.49123,-0.10693,0.36363636363636365,0.5087719298245614
LocalOutlierFactor,44,0,0.47998,0.48405,0.125,0.8333333333333334,0.09091,0.87719,-0.03646,0.09090909090909091,0.1228070175438597
IsolationForest,44,0,0.50289,0.50319,0.16666666666666666,0.8392857142857143,0.18182,0.82456,0.00616,0.18181818181818182,0.17543859649122806
Xgboost,44,0,0.53221,0.53668,0.5,0.8484848484848485,0.09091,0.98246,0.1599,0.09090909090909091,0.01754385964912286
RandomForestClassifier,44,1,0.47998,0.48405,0.125,0.8333333333333334,0.09091,0.87719,-0.03646,0.09090909090909091,0.1228070175438597
DecisionTree,44,1,0.50417,0.51037,0.2,0.8412698412698413,0.09091,0.92982,0.02925,0.09090909090909091,0.07017543859649122
KNN,44,1,0.58342,0.5941,0.2857142857142857,0.8703703703703703,0.36364,0.82456,0.17139,0.36363636363636365,0.17543859649122806
OneClassSVM,44,1,0.47361,0.60048,0.21052631578947367,0.9,0.72727,0.47368,0.14903,0.7272727272727273,0.5263157894736843
LocalOutlierFactor,44,1,0.56324,0.69856,0.2727272727272727,0.9428571428571428,0.81818,0.57895,0.2926,0.8181818181818182,0.42105263157894735
IsolationForest,44,1,0.8029,0.79187,0.7,0.9310344827586207,0.63636,0.94737,0.60692,0.6363636363636364,0.052631578947368474
Xgboost,44,1,0.61582,0.60128,0.42857142857142855,0.8688524590163934,0.27273,0.92982,0.24545,0.2727272727272727,0.07017543859649122
RandomForestClassifier,45,0,0.45161,0.49123,0.0,0.835820895522388,0.0,0.98246,-0.05367,0.0,0.01754385964912286
DecisionTree,45,0,0.53221,0.53668,0.5,0.8484848484848485,0.09091,0.98246,0.1599,0.09090909090909091,0.01754385964912286
KNN,45,0,0.51295,0.51914,0.25,0.84375,0.09091,0.94737,0.0599,0.09090909090909091,0.052631578947368474
OneClassSVM,45,0,0.39526,0.42743,0.12121212121212122,0.8,0.36364,0.49123,-0.10693,0.36363636363636365,0.5087719298245614
LocalOutlierFactor,45,0,0.47998,0.48405,0.125,0.8333333333333334,0.09091,0.87719,-0.03646,0.09090909090909091,0.1228070175438597
IsolationForest,45,0,0.48776,0.49282,0.14285714285714285,0.8360655737704918,0.09091,0.89474,-0.01739,0.09090909090909091,0.10526315789473684
Xgboost,45,0,0.45161,0.49123,0.0,0.835820895522388,0.0,0.98246,-0.05367,0.0,0.01754385964912286
RandomForestClassifier,45,1,0.54116,0.53828,0.25,0.85,0.18182,0.89474,0.0875,0.18181818181818182,0.10526315789473684
DecisionTree,45,1,0.56099,0.57656,0.25,0.8653846153846154,0.36364,0.78947,0.13292,0.36363636363636365,0.21052631578947367
KNN,45,1,0.58342,0.5941,0.2857142857142857,0.8703703703703703,0.36364,0.82456,0.17139,0.36363636363636365,0.17543859649122806
OneClassSVM,45,1,0.47361,0.60048,0.21052631578947367,0.9,0.72727,0.47368,0.14903,0.7272727272727273,0.5263157894736843
LocalOutlierFactor,45,1,0.56324,0.69856,0.2727272727272727,0.9428571428571428,0.81818,0.57895,0.2926,0.8181818181818182,0.42105263157894735
IsolationForest,45,1,0.8029,0.79187,0.7,0.9310344827586207,0.63636,0.94737,0.60692,0.6363636363636364,0.052631578947368474
Xgboost,45,1,0.56303,0.55582,0.3333333333333333,0.8548387096774194,0.18182,0.92982,0.14494,0.18181818181818182,0.07017543859649122
RandomForestClassifier,46,0,0.53221,0.53668,0.5,0.8484848484848485,0.09091,0.98246,0.1599,0.09090909090909091,0.01754385964912286
DecisionTree,46,0,0.53221,0.53668,0.5,0.8484848484848485,0.09091,0.98246,0.1599,0.09090909090909091,0.01754385964912286
KNN,46,0,0.51295,0.51914,0.25,0.84375,0.09091,0.94737,0.0599,0.09090909090909091,0.052631578947368474
OneClassSVM,46,0,0.39526,0.42743,0.12121212121212122,0.8,0.36364,0.49123,-0.10693,0.36363636363636365,0.5087719298245614
LocalOutlierFactor,46,0,0.47998,0.48405,0.125,0.8333333333333334,0.09091,0.87719,-0.03646,0.09090909090909091,0.1228070175438597
IsolationForest,46,0,0.45774,0.45774,0.09090909090909091,0.8245614035087719,0.09091,0.82456,-0.08453,0.09090909090909091,0.17543859649122806
Xgboost,46,0,0.53221,0.53668,0.5,0.8484848484848485,0.09091,0.98246,0.1599,0.09090909090909091,0.01754385964912286
RandomForestClassifier,46,1,0.53103,0.52951,0.2222222222222222,0.847457627118644,0.18182,0.87719,0.06412,0.18181818181818182,0.1228070175438597
DecisionTree,46,1,0.50417,0.51037,0.2,0.8412698412698413,0.09091,0.92982,0.02925,0.09090909090909091,0.07017543859649122
KNN,46,1,0.58342,0.5941,0.2857142857142857,0.8703703703703703,0.36364,0.82456,0.17139,0.36363636363636365,0.17543859649122806
OneClassSVM,46,1,0.47361,0.60048,0.21052631578947367,0.9,0.72727,0.47368,0.14903,0.7272727272727273,0.5263157894736843
LocalOutlierFactor,46,1,0.56324,0.69856,0.2727272727272727,0.9428571428571428,0.81818,0.57895,0.2926,0.8181818181818182,0.42105263157894735
IsolationForest,46,1,0.76452,0.77432,0.5833333333333334,0.9285714285714286,0.63636,0.91228,0.52996,0.6363636363636364,0.08771929824561409
Xgboost,46,1,0.58788,0.57337,0.5,0.859375,0.18182,0.96491,0.22963,0.18181818181818182,0.03508771929824561
RandomForestClassifier,47,0,0.53221,0.53668,0.5,0.8484848484848485,0.09091,0.98246,0.1599,0.09090909090909091,0.01754385964912286
DecisionTree,47,0,0.53221,0.53668,0.5,0.8484848484848485,0.09091,0.98246,0.1599,0.09090909090909091,0.01754385964912286
KNN,47,0,0.51295,0.51914,0.25,0.84375,0.09091,0.94737,0.0599,0.09090909090909091,0.052631578947368474
OneClassSVM,47,0,0.39526,0.42743,0.12121212121212122,0.8,0.36364,0.49123,-0.10693,0.36363636363636365,0.5087719298245614
LocalOutlierFactor,47,0,0.47998,0.48405,0.125,0.8333333333333334,0.09091,0.87719,-0.03646,0.09090909090909091,0.1228070175438597
IsolationForest,47,0,0.47241,0.47528,0.1111111111111111,0.8305084745762712,0.09091,0.85965,-0.05373,0.09090909090909091,0.14035087719298245
Xgboost,47,0,0.53221,0.53668,0.5,0.8484848484848485,0.09091,0.98246,0.1599,0.09090909090909091,0.01754385964912286
RandomForestClassifier,47,1,0.53103,0.52951,0.2222222222222222,0.847457627118644,0.18182,0.87719,0.06412,0.18181818181818182,0.1228070175438597
DecisionTree,47,1,0.53103,0.52951,0.2222222222222222,0.847457627118644,0.18182,0.87719,0.06412,0.18181818181818182,0.1228070175438597
KNN,47,1,0.58342,0.5941,0.2857142857142857,0.8703703703703703,0.36364,0.82456,0.17139,0.36363636363636365,0.17543859649122806
OneClassSVM,47,1,0.47361,0.60048,0.21052631578947367,0.9,0.72727,0.47368,0.14903,0.7272727272727273,0.5263157894736843
LocalOutlierFactor,47,1,0.56324,0.69856,0.2727272727272727,0.9428571428571428,0.81818,0.57895,0.2926,0.8181818181818182,0.42105263157894735
IsolationForest,47,1,0.78309,0.78309,0.6363636363636364,0.9298245614035088,0.63636,0.92982,0.56619,0.6363636363636364,0.07017543859649122
Xgboost,47,1,0.61582,0.60128,0.42857142857142855,0.8688524590163934,0.27273,0.92982,0.24545,0.2727272727272727,0.07017543859649122
RandomForestClassifier,48,0,0.53221,0.53668,0.5,0.8484848484848485,0.09091,0.98246,0.1599,0.09090909090909091,0.01754385964912286
DecisionTree,48,0,0.53221,0.53668,0.5,0.8484848484848485,0.09091,0.98246,0.1599,0.09090909090909091,0.01754385964912286
KNN,48,0,0.51295,0.51914,0.25,0.84375,0.09091,0.94737,0.0599,0.09090909090909091,0.052631578947368474
OneClassSVM,48,0,0.39526,0.42743,0.12121212121212122,0.8,0.36364,0.49123,-0.10693,0.36363636363636365,0.5087719298245614
LocalOutlierFactor,48,0,0.47998,0.48405,0.125,0.8333333333333334,0.09091,0.87719,-0.03646,0.09090909090909091,0.1228070175438597
IsolationForest,48,0,0.4958,0.50159,0.16666666666666666,0.8387096774193549,0.09091,0.91228,0.00414,0.09090909090909091,0.08771929824561409
Xgboost,48,0,0.53221,0.53668,0.5,0.8484848484848485,0.09091,0.98246,0.1599,0.09090909090909091,0.01754385964912286
RandomForestClassifier,48,1,0.53103,0.52951,0.2222222222222222,0.847457627118644,0.18182,0.87719,0.06412,0.18181818181818182,0.1228070175438597
DecisionTree,48,1,0.4958,0.50159,0.16666666666666666,0.8387096774193549,0.09091,0.91228,0.00414,0.09090909090909091,0.08771929824561409
KNN,48,1,0.58342,0.5941,0.2857142857142857,0.8703703703703703,0.36364,0.82456,0.17139,0.36363636363636365,0.17543859649122806
OneClassSVM,48,1,0.47361,0.60048,0.21052631578947367,0.9,0.72727,0.47368,0.14903,0.7272727272727273,0.5263157894736843
LocalOutlierFactor,48,1,0.56324,0.69856,0.2727272727272727,0.9428571428571428,0.81818,0.57895,0.2926,0.8181818181818182,0.42105263157894735
IsolationForest,48,1,0.42321,0.5933,0.2,0.9130434782608695,0.81818,0.36842,0.14524,0.8181818181818182,0.631578947368421
Xgboost,48,1,0.58788,0.57337,0.5,0.859375,0.18182,0.96491,0.22963,0.18181818181818182,0.03508771929824561
RandomForestClassifier,49,0,0.53221,0.53668,0.5,0.8484848484848485,0.09091,0.98246,0.1599,0.09090909090909091,0.01754385964912286
DecisionTree,49,0,0.53221,0.53668,0.5,0.8484848484848485,0.09091,0.98246,0.1599,0.09090909090909091,0.01754385964912286
KNN,49,0,0.51295,0.51914,0.25,0.84375,0.09091,0.94737,0.0599,0.09090909090909091,0.052631578947368474
OneClassSVM,49,0,0.39526,0.42743,0.12121212121212122,0.8,0.36364,0.49123,-0.10693,0.36363636363636365,0.5087719298245614
LocalOutlierFactor,49,0,0.47998,0.48405,0.125,0.8333333333333334,0.09091,0.87719,-0.03646,0.09090909090909091,0.1228070175438597
IsolationForest,49,0,0.46501,0.46651,0.1,0.8275862068965517,0.09091,0.84211,-0.06965,0.09090909090909091,0.1578947368421053
Xgboost,49,0,0.53221,0.53668,0.5,0.8484848484848485,0.09091,0.98246,0.1599,0.09090909090909091,0.01754385964912286
RandomForestClassifier,49,1,0.56303,0.55582,0.3333333333333333,0.8548387096774194,0.18182,0.92982,0.14494,0.18181818181818182,0.07017543859649122
DecisionTree,49,1,0.4958,0.50159,0.16666666666666666,0.8387096774193549,0.09091,0.91228,0.00414,0.09090909090909091,0.08771929824561409
KNN,49,1,0.58342,0.5941,0.2857142857142857,0.8703703703703703,0.36364,0.82456,0.17139,0.36363636363636365,0.17543859649122806
OneClassSVM,49,1,0.47361,0.60048,0.21052631578947367,0.9,0.72727,0.47368,0.14903,0.7272727272727273,0.5263157894736843
LocalOutlierFactor,49,1,0.56324,0.69856,0.2727272727272727,0.9428571428571428,0.81818,0.57895,0.2926,0.8181818181818182,0.42105263157894735
IsolationForest,49,1,0.44715,0.61085,0.20930232558139536,0.92,0.81818,0.40351,0.16931,0.8181818181818182,0.5964912280701755
Xgboost,49,1,0.61582,0.60128,0.42857142857142855,0.8688524590163934,0.27273,0.92982,0.24545,0.2727272727272727,0.07017543859649122
